0.8,-1.0,2.0
-1.150049,-0.850049,2.069951
0.819114,-0.558156,2.223568
-0.8614,-0.314333,2.21236
0.85261,0.008679,2.209323
-0.598306,0.261757,2.040025
0.873307,0.547312,1.859448
-0.343833,0.790177,1.584824
0.798258,0.94729,1.203768
-0.064623,1.175606,0.91918
0.703898,1.270308,0.486556
0.056623,1.344748,0.087458
0.697707,1.42454,-0.252791
0.189612,1.519707,-0.536956
0.624727,1.533753,-0.876801
0.07389,1.367949,-1.336139
0.617652,1.314683,-1.545924
0.120667,1.272059,-1.689227
0.422101,1.099162,-1.922789
-0.040287,0.812274,-2.174096
0.223726,0.506642,-2.310333
-0.106723,0.255539,-2.274465
-0.22271,-0.281969,-2.456487
-0.117711,-0.557394,-2.180588
-0.318111,-0.789971,-1.831636
-0.197495,-0.952045,-1.408708
-0.350438,-1.060554,-0.963949
-0.290983,-1.175211,-0.57729
-0.34436,-1.21694,-0.156771
-0.261884,-1.186548,0.268489
-0.249128,-1.067358,0.692631
-0.397479,-1.127667,0.820929
-0.102748,-0.991475,1.139444
-0.264656,-0.807288,1.404579
0.0526,-0.53305,1.654133
-0.103219,-0.256238,1.776575
0.258797,0.108845,1.880979
-0.004777,0.357803,1.739898
0.298971,0.54317,1.487343
0.177503,0.777656,1.276283
0.305283,0.904916,0.927752
0.434103,1.198427,0.773515
0.274447,1.295295,0.363887
0.347926,1.257132,-0.132003
0.101624,1.038044,-0.70315
0.472993,1.055352,-0.863658
0.045905,0.964729,-1.106792
0.44337,0.922778,-1.227871
0.096888,0.908196,-1.285991
0.163625,0.653483,-1.568825
0.104449,0.515701,-1.604575
-0.098928,0.188744,-1.781373
0.104069,0.038152,-1.650128
-0.062302,-0.015568,-1.401769
-0.018694,-0.13862,-1.253815
-0.31224,-0.448527,-1.283912
-0.093096,-0.649732,-1.106615
-0.373235,-0.826152,-0.877859
-0.165397,-0.949498,-0.586567
-0.372689,-1.019758,-0.260529
-0.158594,-1.014313,0.100343
-0.170721,-0.816597,0.583288
-0.275118,-0.813733,0.720307
-0.051145,-0.676804,0.964496
-0.354561,-0.700412,0.960675
0.073181,-0.557703,1.13098
-0.128136,-0.295885,1.345222
0.173031,-0.036424,1.437856
-0.064324,0.130707,1.342721
0.334453,0.395624,1.313309
0.090319,0.641671,1.19114
0.386607,0.836375,0.967026
0.104366,0.909181,0.605184
0.658206,1.230934,0.539197
0.04925,1.278672,0.115207
0.556132,1.244402,-0.324554
0.164026,1.273764,-0.606848
0.26411,1.024342,-1.123098
0.097435,0.802382,-1.438972
0.014808,0.446133,-1.762532
0.002746,0.168639,-1.838984
0.066997,0.080229,-1.628579
-0.182092,-0.146823,-1.57027
-0.161566,-0.46167,-1.54272
-0.384879,-0.822831,-1.472263
-0.202826,-1.019522,-1.142375
-0.372743,-1.110742,-0.710687
-0.371546,-1.290813,-0.422505
-0.24692,-1.243617,0.09221
-0.434032,-1.274379,0.417013
-0.266566,-1.277703,0.71677
-0.374518,-1.224607,1.01699
-0.187567,-1.096257,1.319495
-0.316604,-0.980763,1.513162
-0.041735,-0.756532,1.74412
-0.101285,-0.447346,1.948882
0.172479,-0.064394,2.095751
-0.12946,0.077405,1.858676
0.565871,0.562407,1.967307
0.017361,0.886541,1.74893
0.624592,1.153445,1.417575
0.258315,1.453874,1.102631
0.53463,1.538156,0.541251
0.511,1.782896,0.221706
0.429838,1.790055,-0.348128
0.471189,1.739146,-0.869909
0.385094,1.643941,-1.321576
0.40839,1.524083,-1.683518
0.261692,1.323944,-2.021013
0.170206,0.986861,-2.371287
0.176059,0.727824,-2.475838
-0.206562,0.21677,-2.73483
0.104428,-0.082484,-2.579499
-0.349996,-0.400433,-2.382597
-0.180753,-0.79127,-2.200611
-0.735686,-1.382023,-2.135867
-0.316638,-1.755201,-1.688624
-0.797957,-2.028076,-1.114101
-0.432352,-2.209115,-0.475038
-0.77128,-2.283956,0.203113
-0.264538,-2.092543,1.041121
-0.72909,-1.9718,1.591813
-0.055517,-1.633925,2.218783
-0.478976,-1.257151,2.664165
0.225087,-0.728,3.06427
-0.352485,-0.391336,3.037123
0.375873,-0.015546,2.953259
-0.007364,0.44128,2.85363
0.442847,0.771006,2.508782
0.170368,1.054785,2.084591
0.628484,1.392592,1.70989
0.398255,1.728583,1.303224
0.77614,2.050991,0.859444
0.364384,2.122784,0.152645
0.737366,2.13281,-0.503167
0.306045,2.015955,-1.164264
0.579341,1.81619,-1.747606
0.157707,1.517306,-2.259302
0.322154,1.132372,-2.67016
-0.037329,0.71199,-2.922924
0.069045,0.274528,-3.018627
-0.46463,-0.38597,-3.187945
0.001686,-0.736983,-2.817457
-0.754776,-1.234448,-2.558511
-0.218556,-1.617418,-2.085029
-0.813651,-1.902461,-1.488692
-0.480688,-2.223751,-0.956393
-0.794857,-2.377606,-0.261408
-0.289672,-2.204302,0.674845
-0.656522,-1.992383,1.419833
-0.161367,-1.691635,2.048529
-0.509309,-1.418414,2.440019
-0.031282,-1.101265,2.719088
-0.252568,-0.72259,2.911517
0.15365,-0.318494,2.979201
0.275376,0.373583,3.200777
0.182581,0.745242,2.852214
0.490915,1.141948,2.483426
0.337017,1.449153,1.976195
0.705688,1.812629,1.529448
0.463658,2.06627,0.948706
0.760259,2.248635,0.330935
0.445373,2.267161,-0.388007
0.878083,2.39698,-0.864616
0.359067,2.313248,-1.503165
0.891792,2.31145,-1.913336
0.329759,2.211565,-2.343123
0.305483,1.614325,-3.158639
0.259193,1.214945,-3.442175
-0.120253,0.582807,-3.784784
-0.066311,-0.034525,-3.85785
-0.219177,-0.450433,-3.530408
-0.225496,-0.789187,-3.063255
-0.539304,-1.259374,-2.714667
-0.391906,-1.615553,-2.177248
-0.738526,-1.986108,-1.64946
-0.399966,-2.123671,-0.877793
-0.640593,-2.097508,-0.047749
-0.636892,-2.264089,0.423994
-0.662119,-2.350406,0.936345
-0.461996,-2.195652,1.618315
-0.428998,-1.877887,2.287295
-0.416924,-1.650473,2.643489
-0.244854,-1.339582,2.947259
-0.138686,-0.910955,3.217781
0.053952,-0.397631,3.393013
0.103607,0.08907,3.35433
0.20975,0.481705,3.082922
0.449948,1.002893,2.873843
0.265927,1.287281,2.311333
0.623568,1.598996,1.797711
0.380224,1.812842,1.190292
0.852504,2.148739,0.756181
0.339201,2.211072,0.030218
0.908016,2.320043,-0.529875
0.226926,2.182968,-1.262287
0.865298,2.110525,-1.749786
0.160606,1.924646,-2.236363
0.51401,1.531425,-2.78207
0.167716,1.284756,-2.959573
0.086588,0.761529,-3.305909
-0.054958,0.2715,-3.396273
-0.24645,-0.296012,-3.399944
-0.014872,-0.52068,-2.889819
-0.569273,-0.95859,-2.62246
-0.037444,-1.133982,-2.012008
-0.77711,-1.45828,-1.61383
-0.217726,-1.710817,-1.122256
-0.77271,-1.868962,-0.553927
-0.263238,-1.915314,0.065655
-0.622973,-1.814918,0.728171
-0.393669,-1.832676,1.116535
-0.464652,-1.69063,1.596242
-0.105768,-1.30542,2.185355
-0.36081,-1.021297,2.445887
0.02361,-0.713931,2.594922
-0.219977,-0.451896,2.578102
0.276892,-0.04391,2.631817
-0.021634,0.310887,2.499741
0.516496,0.752459,2.373096
0.042861,0.978862,1.922873
0.626509,1.231431,1.516437
0.328778,1.56901,1.196464
0.60998,1.738244,0.667667
0.383978,1.82879,0.109883
0.440816,1.705188,-0.583234
0.264686,1.490686,-1.198479
0.446809,1.38243,-1.52623
0.03761,1.069904,-1.963501
0.375837,0.866099,-2.115213
-0.344935,0.34176,-2.49749
0.269546,0.030086,-2.43717
-0.424364,-0.264216,-2.277435
0.00212,-0.603012,-2.104254
-0.459965,-0.843733,-1.764263
-0.272328,-1.178733,-1.510934
-0.556901,-1.451799,-1.143303
-0.239539,-1.512381,-0.551118
-0.744803,-1.738622,-0.218933
-0.277324,-1.825715,0.257159
-0.635859,-1.788021,0.793707
-0.484807,-1.919341,1.047988
-0.39051,-1.744587,1.599427
-0.366337,-1.526112,2.037386
-0.156104,-1.167368,2.46686
-0.216539,-0.842041,2.673693
0.155733,-0.353225,2.90712
0.043873,0.123706,2.937665
0.089277,0.308123,2.526814
0.399333,0.734817,2.380976
0.459256,1.281304,2.254632
0.331334,1.475503,1.636059
0.608734,1.710129,1.117183
0.375776,1.823389,0.50514
0.472924,1.743024,-0.218219
0.440566,1.728981,-0.713707
0.237851,1.470303,-1.355476
0.304222,1.199221,-1.810109
0.15076,0.951767,-2.073409
0.141573,0.670204,-2.246554
-0.130462,0.242194,-2.448781
0.005534,-0.088736,-2.387101
-0.246957,-0.381828,-2.200023
-0.236373,-0.737549,-2.023191
-0.140877,-0.803314,-1.483286
-0.333495,-0.921271,-1.078425
-0.251707,-1.055624,-0.731496
-0.35694,-1.140548,-0.360748
-0.207146,-1.113095,0.077411
-0.448844,-1.188726,0.321
-0.172617,-1.158099,0.647255
-0.389182,-1.097696,0.932109
-0.241075,-1.102902,1.079111
-0.357118,-1.082372,1.22548
-0.206096,-1.019669,1.380053
-0.2256,-0.865718,1.577694
-0.171682,-0.744473,1.658893
-0.122997,-0.583391,1.728127
0.09879,-0.234476,1.923714
0.020373,0.068995,1.932022
0.062154,0.192268,1.667513
0.138812,0.357586,1.458322
0.057521,0.419578,1.135957
0.113198,0.420194,0.794868
0.162931,0.506701,0.604291
0.131029,0.55519,0.385954
0.255732,0.666692,0.257568
0.021012,0.59482,-0.06325
0.151761,0.465553,-0.358946
0.007642,0.362647,-0.533319
-0.012834,0.154035,-0.749394
0.094819,0.130311,-0.676944
-0.104188,0.019228,-0.698501
-0.100195,-0.21229,-0.803072
0.112625,-0.115818,-0.49033
-0.136535,-0.112695,-0.359298
0.091536,-0.102065,-0.246594
-0.171316,-0.149829,-0.216886
0.086974,-0.1508,-0.1317
-0.295777,-0.298168,-0.208806
0.049161,-0.374474,-0.155988
-0.292105,-0.441335,-0.08087
-0.006865,-0.49366,0.014571
-0.242659,-0.495084,0.158476
0.0457,-0.413896,0.358079
-0.332855,-0.484349,0.343759
-0.013926,-0.541918,0.36618
-0.115372,-0.384216,0.616883
-0.069337,-0.340604,0.658552
-0.147675,-0.354038,0.622175
0.091997,-0.193042,0.771169
-0.130348,-0.113224,0.762376
0.141597,-0.001833,0.762884
-0.002649,0.154388,0.774706
0.023366,0.129165,0.555972
0.154592,0.262444,0.544867
0.058595,0.350745,0.450909
0.29413,0.540274,0.449542
-0.036793,0.516043,0.177815
0.274806,0.506827,-0.019999
0.060333,0.560272,-0.114802
0.241329,0.571174,-0.25017
0.191422,0.684199,-0.260965
0.08848,0.592422,-0.508419
0.134627,0.490135,-0.691833
0.093071,0.43163,-0.76593
0.032366,0.301309,-0.880214
0.046778,0.191355,-0.91332
-0.120046,-0.0188,-1.007351
0.082646,-0.075088,-0.866603
-0.302676,-0.300502,-0.904835
0.063067,-0.395784,-0.738049
-0.417399,-0.588052,-0.671352
0.164036,-0.532502,-0.31183
-0.496013,-0.627104,-0.187434
0.079786,-0.687674,-0.024261
-0.164034,-0.437033,0.437292
-0.165874,-0.514529,0.40782
-0.21883,-0.609068,0.390154
-0.079332,-0.565206,0.542606
-0.058409,-0.390706,0.783573
-0.15338,-0.369957,0.772655
0.108363,-0.18375,0.923044
-0.092638,-0.050064,0.936477
0.065512,-0.005434,0.818195
-0.030101,0.058871,0.728673
0.168042,0.199535,0.713227
-0.031655,0.24788,0.566199
0.216252,0.334351,0.470727
0.010069,0.390701,0.337334
0.40698,0.624887,0.390216
0.067025,0.761359,0.265081
0.321806,0.773412,-0.001639
0.00056,0.676827,-0.329937
0.337402,0.663122,-0.484002
-0.171575,0.444288,-0.809812
0.251541,0.286876,-0.946647
-0.079111,0.252849,-0.886874
-0.029501,-0.009751,-1.056823
-0.098387,-0.172085,-1.015436
-0.085683,-0.30089,-0.899682
-0.071173,-0.33472,-0.672306
0.064093,-0.194214,-0.303646
-0.305614,-0.357182,-0.350658
0.038335,-0.429334,-0.24903
-0.32861,-0.518736,-0.162316
-0.025439,-0.587048,-0.044167
-0.208087,-0.526272,0.201115
-0.052443,-0.494812,0.352244
-0.142381,-0.422896,0.505677
-0.013793,-0.333156,0.626207
-0.059619,-0.213561,0.726769
-0.153199,-0.284565,0.581747
0.193714,-0.063177,0.777972
-0.132898,0.040976,0.753263
0.255495,0.186506,0.74338
0.069331,0.422265,0.781945
0.177486,0.482295,0.566726
0.057352,0.480907,0.312971
0.184858,0.489448,0.117775
-0.08319,0.332618,-0.208267
0.265377,0.348486,-0.252614
-0.181257,0.221722,-0.435927
0.36102,0.291313,-0.350026
-0.250413,0.206161,-0.456068
0.442481,0.301947,-0.335477
-0.312644,0.223143,-0.441125
0.5603,0.372847,-0.274551
-0.463473,0.216239,-0.490849
0.373795,0.045156,-0.633542
-0.374365,-0.040712,-0.612584
0.100615,-0.281172,-0.72444
-0.27394,-0.352949,-0.574222
0.091231,-0.354758,-0.361045
-0.276365,-0.386078,-0.217339
0.021313,-0.429148,-0.103291
-0.319605,-0.519128,-0.044902
0.041398,-0.507606,0.13089
-0.319949,-0.531258,0.23465
-0.095299,-0.639495,0.241206
-0.252246,-0.648114,0.378607
-0.102992,-0.638925,0.510294
-0.306683,-0.698426,0.545515
0.001063,-0.602343,0.747477
-0.258762,-0.529077,0.859425
0.18175,-0.281297,1.102638
-0.254176,-0.187143,1.071679
0.122398,-0.157064,0.954282
-0.017336,0.052463,1.029614
0.065313,0.117128,0.882913
-0.058564,0.094099,0.656993
0.006502,0.027125,0.43696
0.082712,0.119606,0.438281
-0.00393,0.147846,0.347366
0.049656,0.133938,0.223104
-0.020375,0.100209,0.106804
0.292452,0.328491,0.28473
-0.008257,0.430585,0.234177
0.438935,0.656164,0.286087
-0.190756,0.543812,-0.077471
0.449691,0.546818,-0.222889
-0.183749,0.485467,-0.405937
0.595877,0.656999,-0.302917
-0.047037,0.805636,-0.293826
0.423329,0.772061,-0.513265
0.011564,0.75806,-0.661364
0.199988,0.562971,-0.958212
-0.186988,0.236159,-1.271856
0.127524,0.02644,-1.31077
-0.084217,-0.008655,-1.104751
-0.155591,-0.279903,-1.1635
-0.279996,-0.606519,-1.18508
-0.081974,-0.684632,-0.856072
-0.321963,-0.772298,-0.575695
-0.084494,-0.783437,-0.245763
-0.385569,-0.863162,-0.043762
-0.060483,-0.840826,0.245837
-0.425434,-0.890446,0.401754
0.055728,-0.756315,0.726686
-0.325374,-0.624308,0.947517
0.014429,-0.55266,1.026428
-0.188069,-0.410356,1.13951
0.057418,-0.271442,1.185024
-0.045441,-0.082085,1.230658
0.211866,0.179153,1.282696
0.176595,0.50816,1.314244
0.151517,0.617103,1.021033
0.337798,0.823557,0.848359
0.115754,0.865485,0.482032
0.239641,0.795844,0.061159
0.059904,0.675949,-0.30911
0.17955,0.559074,-0.570039
0.148447,0.566778,-0.62175
0.14272,0.534841,-0.705588
0.126886,0.494532,-0.772288
0.102648,0.43322,-0.835225
0.00079,0.276375,-0.963343
0.098898,0.199263,-0.940332
0.018514,0.169541,-0.851171
-0.15043,-0.083043,-0.992895
0.028428,-0.188196,-0.884485
-0.261722,-0.365613,-0.837392
0.092111,-0.35974,-0.56273
-0.297607,-0.417085,-0.405235
0.003774,-0.488823,-0.274854
-0.085137,-0.337146,0.075693
-0.100665,-0.342832,0.156768
-0.031893,-0.287637,0.285027
-0.00458,-0.1657,0.439099
-0.031851,-0.101259,0.469822
0.050418,-0.010084,0.502107
-0.07168,-0.011261,0.408556
0.07645,0.022651,0.368219
-0.199857,-0.104998,0.163814
0.276634,0.050816,0.320002
-0.203585,0.083594,0.276735
0.149166,0.018807,0.134289
-0.20493,-0.055905,0.02842
0.123268,-0.087984,0.007712
-0.154993,-0.087735,0.032891
0.019679,-0.162366,-0.021669
-0.20801,-0.272347,-0.078824
0.108798,-0.217737,0.072467
-0.279028,-0.287079,0.054677
0.258228,-0.134249,0.283241
-0.326123,-0.149513,0.254437
0.288966,-0.069124,0.331336
-0.189779,0.048982,0.407225
0.197131,0.06711,0.333286
-0.25368,-0.029375,0.153343
0.131334,-0.105531,0.056864
-0.192647,-0.124937,0.058313
0.161621,-0.071896,0.137755
-0.205928,-0.090906,0.11414
0.127133,-0.099089,0.111542
-0.323552,-0.254215,-0.03505
0.277629,-0.142077,0.160012
-0.344735,-0.159506,0.154803
0.143787,-0.240034,0.092714
-0.401221,-0.388121,-0.000979
0.254407,-0.300791,0.202973
-0.412978,-0.326288,0.229148
0.181005,-0.344653,0.265132
-0.314047,-0.312863,0.349942
0.096874,-0.328202,0.361973
-0.347116,-0.409551,0.310309
0.174373,-0.330393,0.453373
-0.315602,-0.305727,0.491016
0.371688,-0.045576,0.749592
-0.366692,-0.024976,0.641443
0.299704,-0.017148,0.534889
-0.250749,0.031807,0.487359
0.181153,-0.009123,0.344288
-0.184486,-0.012238,0.278495
0.127889,-0.033127,0.208363
0.011067,0.117938,0.329778
0.211385,0.293507,0.407306
0.066266,0.419559,0.367918
0.089549,0.373685,0.126272
0.112396,0.384884,0.001373
0.115122,0.408776,-0.090461
-0.016644,0.287736,-0.316946
0.167768,0.28398,-0.346804
-0.178027,0.101084,-0.549002
0.399072,0.267431,-0.30867
-0.424217,0.056317,-0.541366
0.461401,0.08611,-0.425608
-0.467269,-0.025976,-0.482663
0.375823,-0.077013,-0.434201
-0.544814,-0.262447,-0.514033
0.299343,-0.342774,-0.417959
-0.362401,-0.281097,-0.174038
0.386044,-0.087626,0.136829
-0.34257,-0.033469,0.191275
0.383555,0.066159,0.264602
-0.160003,0.228862,0.357182
0.285603,0.270319,0.262116
0.134963,0.537651,0.398549
-0.030057,0.376177,5.6e-05
0.207377,0.368417,-0.120568
-0.011984,0.354041,-0.222561
0.180385,0.337718,-0.30281
-0.006797,0.312297,-0.372013
0.293992,0.429144,-0.278174
-0.01939,0.448648,-0.334559
0.308687,0.502179,-0.352057
-0.03934,0.475486,-0.462513
0.081394,0.265231,-0.727537
0.017316,0.194086,-0.74002
0.047023,0.13005,-0.721677
0.1402,0.218679,-0.534945
-0.145368,0.068754,-0.648834
0.232279,0.109872,-0.505064
-0.153881,0.089905,-0.462031
0.135101,0.023081,-0.468041
-0.165724,-0.051313,-0.460432
0.164324,-0.028901,-0.335144
-0.337498,-0.217462,-0.451357
0.13125,-0.299282,-0.382181
-0.21116,-0.257963,-0.178463
-0.026172,-0.352335,-0.161539
-0.16718,-0.373363,-0.046174
-0.01125,-0.35024,0.09773
-0.207916,-0.389251,0.145222
0.136168,-0.239772,0.383885
-0.175053,-0.157031,0.465619
0.042368,-0.175069,0.406222
-0.226547,-0.2597,0.296929
0.126213,-0.195652,0.382471
-0.127869,-0.096804,0.467345
0.14547,0.000681,0.505075
-0.109715,0.041752,0.449978
0.122331,0.062463,0.372667
0.087967,0.244204,0.464861
0.144265,0.364132,0.423205
0.01295,0.341784,0.211208
0.285998,0.476994,0.203753
0.074017,0.578063,0.12301
0.179628,0.540196,-0.111648
0.075634,0.502932,-0.289757
0.17456,0.482507,-0.406008
0.069202,0.45132,-0.504806
0.153605,0.421356,-0.574254
-0.031999,0.293954,-0.718954
-0.019834,0.069586,-0.894907
-0.008339,-0.027192,-0.842529
-0.024211,-0.079013,-0.726112
-0.099708,-0.190049,-0.675483
-0.171737,-0.383517,-0.683595
-0.100894,-0.474558,-0.529699
-0.242773,-0.592044,-0.404175
-0.176848,-0.707533,-0.265257
-0.176337,-0.699876,0.005058
-0.145573,-0.654012,0.259924
-0.342953,-0.790577,0.270177
0.087387,-0.605751,0.640842
-0.118985,-0.317578,0.98898
0.035508,-0.190807,1.023117
-0.016761,-0.039282,1.037492
0.151361,0.158135,1.04957
0.028831,0.286107,0.930683
0.041949,0.248179,0.630092
-0.017114,0.169934,0.357676
0.218188,0.30206,0.370864
-0.032047,0.330187,0.237908
0.18965,0.335418,0.09888
0.00772,0.35007,-0.005881
0.251125,0.432873,-0.026981
-0.08132,0.36005,-0.22454
0.176574,0.27443,-0.375513
-0.06874,0.212372,-0.448553
0.031753,0.058131,-0.581281
-0.183967,-0.149575,-0.695983
0.010069,-0.258127,-0.627426
-0.177978,-0.323076,-0.495726
-0.041212,-0.382759,-0.364298
-0.287518,-0.530559,-0.328055
-0.103541,-0.640708,-0.216706
-0.223652,-0.64586,0.011528
-0.092694,-0.616449,0.232507
-0.163869,-0.546217,0.443497
-0.080716,-0.483566,0.585748
-0.123013,-0.414011,0.689081
-0.032973,-0.323126,0.773243
-0.068577,-0.228885,0.817505
-0.029531,-0.172992,0.786738
0.187803,0.1062,0.968347
0.033736,0.294594,0.940895
0.074553,0.28985,0.669002
0.131881,0.370664,0.535751
0.143134,0.46859,0.420685
0.218769,0.598714,0.330301
0.070939,0.580401,0.069617
0.267833,0.624664,-0.073468
0.089211,0.639655,-0.231918
0.099396,0.490237,-0.529168
0.338952,0.652361,-0.413573
-0.048468,0.566227,-0.616836
0.229271,0.444091,-0.791643
0.084593,0.481317,-0.737231
-0.119917,0.167387,-1.055483
0.204053,0.137603,-0.934941
-0.249928,-0.034876,-0.971062
0.198886,-0.082329,-0.823552
-0.396261,-0.29137,-0.851419
0.12624,-0.410136,-0.721004
-0.425742,-0.546033,-0.59687
0.179977,-0.500082,-0.273704
-0.332138,-0.431147,-0.002741
-0.060949,-0.575555,-0.017285
-0.318871,-0.662193,0.072028
0.063508,-0.55169,0.367503
-0.270971,-0.474959,0.539916
0.148874,-0.310882,0.743896
-0.164947,-0.156645,0.850057
0.18725,-0.005523,0.886662
-0.092597,0.108634,0.834009
0.381361,0.385701,0.920025
0.153232,0.726109,0.969917
0.285971,0.825731,0.667422
0.294555,0.991491,0.458653
0.23731,1.016502,0.099072
0.129539,0.855333,-0.385872
0.488272,1.01709,-0.407399
0.099438,1.031133,-0.621078
0.32419,0.904408,-0.939138
-0.049345,0.657066,-1.279367
0.36106,0.594009,-1.296464
0.09579,0.66589,-1.156457
0.193847,0.566745,-1.235642
0.049383,0.457793,-1.279846
-0.001319,0.220829,-1.410978
-0.052265,0.000524,-1.429446
0.065911,-0.038043,-1.196576
-0.225601,-0.233166,-1.152937
-0.045076,-0.410817,-1.04158
-0.372267,-0.659906,-0.969525
-0.066636,-0.77041,-0.697847
-0.37276,-0.845851,-0.409574
-0.265012,-1.039804,-0.271953
-0.362369,-1.131659,-0.000196
-0.357957,-1.249926,0.221072
-0.289563,-1.227844,0.576128
-0.39652,-1.248004,0.814857
-0.189488,-1.137763,1.144675
-0.237919,-0.931552,1.474727
-0.252934,-0.873847,1.531699
-0.091593,-0.694888,1.681789
-0.005923,-0.368528,1.897075
0.061239,-0.052472,1.963245
0.190363,0.297772,1.956214
0.259244,0.657706,1.855135
0.320465,0.956843,1.604485
0.477768,1.308788,1.364525
0.324589,1.463556,0.867396
0.673018,1.731623,0.531591
0.241787,1.73458,-0.085942
0.681061,1.762523,-0.562044
0.148264,1.62,-1.126536
0.543101,1.441478,-1.577016
0.143933,1.290383,-1.860921
0.36915,1.069445,-2.1154
-0.000828,0.781514,-2.322239
0.081608,0.37873,-2.518251
-0.244133,-0.08205,-2.614183
0.167445,-0.197866,-2.20869
-0.640287,-0.676866,-2.208679
0.021178,-0.98186,-1.890965
-0.677148,-1.224656,-1.479919
-0.110869,-1.391826,-0.998508
-0.674854,-1.510489,-0.509906
-0.20798,-1.590988,-0.040377
-0.733298,-1.717589,0.31799
-0.268598,-1.77464,0.715797
-0.645018,-1.745443,1.141384
-0.261347,-1.668929,1.524669
-0.457073,-1.465762,1.938827
-0.226666,-1.293359,2.182581
-0.367802,-1.131177,2.31808
0.193198,-0.610688,2.737487
-0.255014,-0.27698,2.734279
0.559803,0.301172,2.876012
-0.087896,0.681554,2.619599
0.512834,0.87929,2.115145
0.245363,1.231165,1.801355
0.584504,1.492968,1.351551
0.079427,1.406028,0.559925
0.541937,1.338834,-0.035463
0.223306,1.379049,-0.39016
0.52189,1.396784,-0.71201
0.150173,1.289786,-1.102761
0.364219,1.100158,-1.469801
0.037482,0.856567,-1.764178
0.123227,0.514678,-2.027844
-0.051694,0.235436,-2.076199
-0.072159,-0.084012,-2.0718
-0.112447,-0.302267,-1.871209
-0.164881,-0.492064,-1.614797
-0.589514,-1.04853,-1.716833
-0.211404,-1.334905,-1.36245
-0.734102,-1.646315,-1.014524
-0.303381,-1.827811,-0.509366
-0.775098,-1.982421,-0.018853
-0.347901,-2.037453,0.524423
-0.764642,-2.075503,0.997969
-0.38008,-2.06609,1.440418
-0.656287,-1.973786,1.878869
-0.26447,-1.766866,2.320939
-0.376574,-1.405192,2.771695
-0.133649,-1.064293,3.007529
-0.140153,-0.672282,3.147398
0.079177,-0.257204,3.166154
0.274383,0.343688,3.242638
0.199797,0.748292,2.928034
0.51278,1.183865,2.582793
0.434682,1.591429,2.144466
0.615693,1.8884,1.55656
0.43198,1.992567,0.79846
0.817945,2.23495,0.291365
0.189516,2.054796,-0.614633
0.77937,1.952747,-1.216341
0.172195,1.801348,-1.722459
0.545308,1.53206,-2.204885
0.014893,1.183505,-2.59413
0.239201,0.740592,-2.89921
-0.288913,0.180695,-3.130435
0.152188,-0.142703,-2.91326
-0.510241,-0.561154,-2.73538
-0.100214,-0.949423,-2.435581
-0.616024,-1.278351,-2.016922
-0.283861,-1.558134,-1.529985
-0.660384,-1.756124,-0.969838
-0.39409,-1.90529,-0.407898
-0.580204,-1.903845,0.242635
-0.330463,-1.794863,0.876669
-0.61404,-1.77382,1.269603
-0.122651,-1.511412,1.822932
-0.547317,-1.340492,2.100919
0.074519,-1.004275,2.440108
-0.432145,-0.769611,2.512435
0.48152,-0.191718,2.843848
-0.204603,0.246661,2.799411
0.602179,0.653344,2.600208
-0.129011,0.843631,2.100452
0.927888,1.317613,1.922258
0.221794,1.792591,1.636723
0.92264,2.084021,1.079398
0.259942,2.175505,0.34059
0.93559,2.270915,-0.281364
0.342089,2.308324,-0.871771
1.024556,2.451728,-1.255227
0.136282,2.234039,-1.969942
0.91095,2.071827,-2.428077
0.001527,1.760173,-2.899944
0.506568,1.272032,-3.365148
-0.209398,0.747925,-3.631487
0.098983,0.139229,-3.774578
-0.475231,-0.467514,-3.70592
-0.257047,-1.066748,-3.460775
-0.838844,-1.741991,-3.158446
-0.498485,-2.250777,-2.54453
-0.945572,-2.621377,-1.756437
-0.674692,-2.906653,-0.921577
-0.915838,-3.01325,0.018921
-0.76538,-3.095502,0.837049
-0.609605,-2.812715,1.889447
-0.810207,-2.689631,2.497351
-0.414331,-2.388438,3.130936
-0.483278,-1.925157,3.71587
-0.140699,-1.389592,4.122967
-0.190916,-0.847422,4.298651
0.226942,-0.196647,4.386908
0.120385,0.401786,4.210823
0.699164,1.176838,4.065282
0.543339,1.923618,3.686607
0.985861,2.58414,3.069588
0.839891,3.14202,2.269004
1.13406,3.551733,1.305
0.96804,3.816761,0.256558
1.104229,3.894109,-0.859869
0.835278,3.741745,-2.017091
0.963995,3.505935,-2.992177
0.568728,3.069604,-3.911776
0.476261,2.366448,-4.792576
0.335364,1.755521,-5.202848
-0.029215,0.94226,-5.554224
-0.087275,0.135394,-5.588466
-0.629976,-0.864364,-5.567034
-0.296923,-1.518763,-4.904388
-1.00179,-2.224576,-4.222738
-0.783841,-2.966649,-3.495118
-1.225909,-3.554495,-2.528897
-1.048646,-4.030367,-1.457931
-1.159759,-4.177041,-0.118488
-1.002353,-4.139395,1.194783
-0.887222,-3.811245,2.537743
-0.901633,-3.504244,3.505945
-0.578254,-3.001608,4.393725
-0.824354,-2.669837,4.79117
-0.038828,-1.924018,5.427618
-0.295886,-1.075735,5.821858
0.256118,-0.315173,5.798988
0.162361,0.467241,5.574145
0.631141,1.233853,5.141497
0.491348,1.881962,4.442565
1.074432,2.635329,3.787256
0.73988,3.176024,2.817774
1.216195,3.58281,1.736376
0.881568,3.837005,0.585815
1.063777,3.799124,-0.714472
0.845756,3.674138,-1.843445
0.707301,3.231814,-3.037757
0.72189,2.852858,-3.809083
0.432889,2.356656,-4.437417
0.292876,1.683309,-4.974652
0.070466,0.976724,-5.241046
-0.273527,0.068613,-5.446376
-0.283987,-0.71371,-5.214471
-0.601493,-1.422515,-4.718414
-0.569259,-2.010596,-3.983243
-0.973946,-2.650907,-3.263558
-0.858567,-3.191114,-2.388417
-1.039497,-3.503301,-1.289471
-0.756451,-3.495227,0.014592
-0.983383,-3.411218,1.144396
-0.646677,-3.191554,2.16999
-0.835106,-2.926092,2.980621
-0.469505,-2.564921,3.653301
-0.514519,-2.0734,4.22017
-0.166023,-1.496982,4.616776
-0.1774,-0.89064,4.795025
0.115215,-0.297963,4.743839
0.231347,0.375814,4.605675
0.377037,0.957384,4.199423
0.329023,1.315026,3.471958
0.702668,1.79518,2.897933
0.298874,1.944783,1.958374
0.928796,2.248509,1.306574
0.444749,2.457184,0.592446
0.975945,2.62851,-0.085948
0.416421,2.605588,-0.881093
0.757945,2.400275,-1.700675
0.510892,2.325153,-2.172751
0.427712,1.963182,-2.819446
0.350139,1.603894,-3.231994
0.228972,1.216765,-3.486212
0.113046,0.788056,-3.617571
-0.063454,0.287613,-3.667092
-0.063922,-0.123907,-3.468149
-0.282686,-0.540895,-3.189016
-0.337626,-0.99005,-2.869991
-0.408359,-1.322047,-2.359674
-0.457945,-1.580878,-1.773553
-0.592117,-1.865648,-1.247085
-0.582817,-2.098429,-0.683226
-0.620588,-2.221667,-0.047122
-0.555811,-2.227058,0.622939
-0.514196,-2.103037,1.29672
-0.636954,-2.099379,1.684911
-0.205942,-1.761493,2.332478
-0.28914,-1.261935,2.917313
-0.030593,-0.805093,3.198445
-0.096135,-0.398277,3.239085
0.195781,0.039685,3.181103
0.017995,0.341285,2.866388
0.45437,0.755864,2.633967
0.169492,1.061716,2.212605
0.748899,1.520804,1.932784
0.12551,1.637233,1.225742
0.866636,1.847242,0.711691
0.049158,1.78122,-0.043725
0.769578,1.702682,-0.648322
0.055269,1.573299,-1.16533
0.706977,1.496755,-1.49245
0.039611,1.36457,-1.790096
0.464926,1.111258,-2.112662
-0.079759,0.809797,-2.346094
0.309015,0.548288,-2.404786
-0.177298,0.278769,-2.381882
0.022119,-0.093339,-2.385063
-0.331703,-0.453867,-2.264427
-0.17475,-0.790792,-2.034952
-0.380082,-1.014151,-1.634432
-0.282087,-1.196613,-1.202107
-0.50023,-1.400498,-0.818608
-0.250826,-1.434026,-0.276451
-0.38766,-1.341473,0.298835
-0.365227,-1.372903,0.613068
-0.418571,-1.409204,0.872155
-0.175097,-1.221526,1.316884
-0.511968,-1.227643,1.427017
0.088156,-0.929355,1.822465
-0.523295,-0.835732,1.848625
0.374907,-0.439979,2.143859
-0.363667,-0.160485,2.148013
0.560146,0.238524,2.187045
-0.095197,0.615679,2.077104
0.708581,1.013828,1.895899
0.195993,1.416467,1.634168
0.758337,1.708332,1.190601
0.32434,1.908635,0.65219
0.693086,1.965398,0.012446
0.416364,2.023339,-0.521597
0.611008,1.976542,-1.076293
0.350149,1.845276,-1.596026
0.431356,1.605287,-2.086353
0.186816,1.294227,-2.482592
0.218026,0.933971,-2.759424
0.070919,0.623751,-2.825544
0.045024,0.307706,-2.791862
-0.104253,-0.021551,-2.682978
-0.070292,-0.282214,-2.427409
-0.298096,-0.599562,-2.198886
-0.397171,-1.053193,-2.05486
-0.31281,-1.279055,-1.574341
-0.458332,-1.442361,-1.054806
-0.371319,-1.547189,-0.526513
-0.38178,-1.510622,0.074249
-0.475663,-1.571605,0.452344
-0.340803,-1.536608,0.872877
-0.383517,-1.423628,1.280993
-0.334322,-1.340061,1.54826
-0.202932,-1.111921,1.884248
-0.333133,-0.996362,1.975377
-0.048292,-0.767277,2.128048
0.119021,-0.222958,2.498221
0.114664,0.210233,2.523637
0.185999,0.495259,2.266102
0.301071,0.806745,1.99845
0.290785,1.04506,1.615036
0.392871,1.241709,1.191311
0.247173,1.269265,0.620004
0.58497,1.466859,0.319018
0.331297,1.60396,-0.044552
0.387822,1.486188,-0.635048
0.245241,1.311973,-1.13446
0.453062,1.284389,-1.34009
-0.059439,0.936909,-1.818269
0.466019,0.808249,-1.882531
-0.454002,0.29424,-2.281334
0.294171,-0.058563,-2.288956
-0.57092,-0.427006,-2.204928
-0.24982,-1.065348,-2.296232
-0.488521,-1.337881,-1.812877
-0.448655,-1.629778,-1.358963
-0.482988,-1.756023,-0.738073
-0.496446,-1.838669,-0.153677
-0.509582,-1.881864,0.383926
-0.446449,-1.830647,0.926756
-0.310594,-1.590651,1.539863
-0.348876,-1.362141,1.952993
-0.192697,-1.109636,2.243072
-0.251013,-0.889535,2.36988
-0.065819,-0.641702,2.434296
-0.016082,-0.298798,2.507194
0.179163,0.115579,2.534842
0.10723,0.42766,2.33063
0.308741,0.712304,2.044155
0.319087,1.034872,1.764643
0.522297,1.397498,1.481524
0.479143,1.707221,1.090508
0.371048,1.699508,0.363433
0.49976,1.697996,-0.216985
0.421496,1.711599,-0.671553
0.601548,1.809833,-0.959204
0.339685,1.747627,-1.382112
0.569395,1.693641,-1.697785
0.195586,1.486951,-2.089988
0.341338,1.177242,-2.448685
0.045353,0.843232,-2.670618
0.129038,0.484648,-2.774754
-0.257604,-0.010135,-2.887729
-0.109988,-0.462408,-2.788293
-0.301211,-0.742936,-2.400323
-0.313849,-1.052419,-2.030864
-0.505933,-1.39584,-1.672696
-0.399353,-1.61952,-1.159812
-0.563281,-1.77885,-0.612922
-0.379225,-1.800119,0.015919
-0.495762,-1.736487,0.616562
-0.319559,-1.609326,1.147523
-0.459079,-1.505444,1.516173
-0.124729,-1.229974,1.955202
-0.415984,-1.065018,2.117662
0.065646,-0.756542,2.343288
-0.21882,-0.444278,2.437289
0.305959,-0.015626,2.536139
-0.069512,0.299484,2.374071
0.407727,0.589872,2.12354
0.263961,1.010794,1.964027
0.56782,1.389344,1.666174
0.398528,1.670886,1.214339
0.57611,1.818802,0.630265
0.551805,2.004915,0.150987
0.763726,2.268848,-0.215243
0.269597,2.082765,-1.041084
0.687182,1.929559,-1.621314
0.179884,1.698275,-2.123416
0.34317,1.269267,-2.658458
0.092719,0.929867,-2.873531
0.116471,0.549911,-2.986477
-0.031252,0.229069,-2.904862
-0.132392,-0.162178,-2.812906
-0.307874,-0.620631,-2.688254
-0.274109,-0.969041,-2.339706
-0.634379,-1.459185,-2.094594
-0.270568,-1.654885,-1.454565
-0.671872,-1.801007,-0.827855
-0.261644,-1.799946,-0.129199
-0.713014,-1.853633,0.381644
-0.164495,-1.717758,1.001097
-0.711432,-1.678312,1.365662
0.012241,-1.412576,1.875415
-0.434273,-1.054526,2.300909
0.05241,-0.773662,2.460958
-0.378717,-0.61994,2.379197
0.21062,-0.345027,2.388044
-0.228461,-0.115894,2.266956
0.396507,0.223624,2.21052
-0.124288,0.432802,1.932612
0.764125,0.945972,1.948745
-0.037434,1.201215,1.549934
0.746924,1.375839,1.069706
0.221541,1.624481,0.702352
0.531591,1.571314,0.028394
0.112754,1.377979,-0.64173
0.565001,1.3298,-0.981375
0.009064,1.143211,-1.380443
0.467377,0.991923,-1.61241
0.000686,0.852792,-1.742761
0.345434,0.702738,-1.817528
-0.020499,0.56906,-1.816697
0.152395,0.345809,-1.865494
-0.219244,0.016197,-1.944405
-0.180391,-0.447387,-2.043412
-0.309222,-0.777003,-1.850563
-0.383991,-1.124815,-1.613667
-0.325544,-1.29809,-1.142902
-0.501736,-1.489486,-0.72772
-0.419492,-1.644905,-0.298027
-0.53378,-1.745696,0.151279
-0.204301,-1.551498,0.840442
-0.432602,-1.358603,1.339102
-0.079131,-1.09421,1.756647
-0.399545,-0.947601,1.897755
0.09179,-0.66569,2.103373
-0.383179,-0.549277,2.019852
0.225055,-0.31365,2.036491
-0.060752,0.066433,2.123735
0.379409,0.442899,2.076761
0.113223,0.759213,1.86562
0.604837,1.16097,1.685145
0.239379,1.431623,1.28733
0.649579,1.632326,0.813953
0.312235,1.745578,0.282856
0.548974,1.714089,-0.326049
0.113475,1.451555,-1.040862
0.458372,1.244643,-1.485476
0.031944,1.007382,-1.81389
0.44661,0.906495,-1.872352
-0.163569,0.616734,-2.078315
0.258304,0.336327,-2.148862
-0.203241,0.111442,-2.066362
0.139309,-0.070541,-1.88917
-0.35613,-0.341588,-1.780113
-0.06597,-0.628485,-1.626312
-0.535667,-0.974334,-1.474616
-0.193327,-1.221578,-1.149383
-0.652179,-1.482937,-0.825886
-0.220746,-1.582211,-0.323361
-0.644138,-1.646848,0.148103
-0.265236,-1.662459,0.598407
-0.524038,-1.570042,1.075864
-0.246382,-1.460002,1.452502
-0.269271,-1.162916,1.911614
-0.118704,-0.866041,2.194156
-0.157527,-0.609614,2.293505
-0.054091,-0.408931,2.241307
0.161974,-0.00152,2.345549
-0.127042,0.111798,2.013668
0.24452,0.266629,1.752363
0.13493,0.558408,1.631204
0.430207,0.896096,1.491441
0.197475,1.092368,1.135509
0.692354,1.461687,0.961371
0.310076,1.702493,0.581011
0.524214,1.67777,-0.064852
0.307547,1.615631,-0.618001
0.580809,1.640698,-0.960204
0.310767,1.615437,-1.295236
0.249626,1.285226,-1.863983
0.077761,0.870479,-2.310141
0.130995,0.543815,-2.459022
-0.0539,0.237543,-2.461224
-0.209114,-0.237301,-2.539699
-0.057505,-0.465946,-2.214611
-0.25513,-0.628441,-1.816546
-0.373757,-0.990255,-1.644685
-0.432828,-1.330124,-1.374987
-0.22259,-1.332196,-0.716775
-0.468774,-1.363873,-0.212606
-0.409205,-1.521541,0.079283
-0.529577,-1.65546,0.386762
-0.310146,-1.599024,0.866351
-0.620186,-1.664174,1.116302
-0.085091,-1.430692,1.636938
-0.494198,-1.220648,1.965172
-0.086499,-1.062994,2.115637
-0.215758,-0.740478,2.35508
-0.022651,-0.492869,2.377367
-0.178339,-0.350064,2.216333
0.097548,-0.149335,2.100977
0.000978,0.098144,1.994071
0.170241,0.299957,1.787567
-0.039814,0.334885,1.39287
0.272245,0.459571,1.152445
0.274323,0.795228,1.131266
0.239106,0.928862,0.811391
0.412317,1.1244,0.574105
0.536961,1.493211,0.496516
0.329884,1.579616,0.04062
0.409815,1.498145,-0.522454
0.220018,1.317027,-1.053749
0.331803,1.146184,-1.419488
0.123863,0.9388,-1.701025
0.295079,0.807915,-1.790355
-0.082993,0.514922,-1.985556
0.188204,0.291549,-1.98615
-0.146975,0.088738,-1.899058
0.039535,-0.124335,-1.777931
-0.307596,-0.405298,-1.683787
0.05239,-0.494447,-1.331426
-0.361176,-0.614505,-1.05018
0.061975,-0.612342,-0.664132
-0.332456,-0.609414,-0.351317
0.019067,-0.598903,-0.091231
-0.49158,-0.77752,-0.072843
0.310664,-0.523431,0.428341
-0.49217,-0.457154,0.570263
0.288598,-0.36012,0.696092
-0.208641,-0.101118,0.930873
0.19355,-0.00755,0.87791
-0.163762,0.041775,0.762697
0.381933,0.285943,0.84942
-0.012225,0.508464,0.824768
0.244104,0.520325,0.527383
-0.021591,0.479361,0.230119
0.213297,0.442751,0.005977
-0.009995,0.403588,-0.167147
0.194905,0.381018,-0.279035
0.024587,0.379349,-0.341993
0.218377,0.416501,-0.353668
0.169971,0.560615,-0.267307
0.131363,0.553953,-0.391365
0.243623,0.623173,-0.413972
-0.004359,0.50993,-0.635513
0.155206,0.380828,-0.796847
-0.026026,0.2722,-0.868322
0.033223,0.111167,-0.946034
-0.124491,-0.076847,-0.987653
-0.121953,-0.311923,-1.012021
-0.206966,-0.513165,-0.927402
-0.141394,-0.621341,-0.705422
-0.114517,-0.580658,-0.344306
-0.221354,-0.628519,-0.152552
-0.249483,-0.769062,-0.075555
-0.044836,-0.656923,0.281658
-0.22275,-0.580297,0.501845
-0.110109,-0.580658,0.580222
-0.222411,-0.588629,0.636207
-0.078778,-0.547813,0.732731
-0.092639,-0.408136,0.897533
0.083507,-0.168035,1.089544
-0.258771,-0.22405,0.876926
0.12619,-0.18365,0.817924
-0.187695,-0.133231,0.768032
0.259898,0.055079,0.850386
-0.197352,0.098113,0.715322
0.282952,0.183005,0.634869
-0.008173,0.363382,0.639719
0.352921,0.552845,0.598621
-0.020235,0.597761,0.363945
0.397022,0.69225,0.209955
-0.047084,0.664759,-0.065102
0.312093,0.599494,-0.317426
-0.019473,0.548462,-0.487995
0.083837,0.321023,-0.787254
0.092776,0.297251,-0.757755
0.09244,0.294254,-0.705954
-0.007255,0.194831,-0.759522
0.022684,0.08319,-0.785304
-0.187371,-0.156772,-0.901015
-0.095132,-0.378193,-0.904211
-0.213575,-0.524458,-0.765219
-0.208273,-0.693328,-0.631359
-0.044185,-0.603548,-0.213623
-0.156246,-0.506331,0.105246
-0.059525,-0.449102,0.294377
-0.109503,-0.375851,0.446427
-0.167585,-0.436205,0.414006
-0.033657,-0.386024,0.516387
-0.155787,-0.358434,0.561671
-0.063465,-0.360423,0.560495
-0.135343,-0.350253,0.572297
0.109841,-0.164202,0.754687
-0.054196,-0.007252,0.817507
0.102916,0.083214,0.754822
0.073189,0.237614,0.740841
0.007321,0.221633,0.512815
0.188727,0.326645,0.453903
0.115253,0.466587,0.409609
0.151051,0.504457,0.229678
0.067167,0.464529,-0.005227
0.117312,0.409818,-0.198303
-0.00649,0.296069,-0.397321
0.126484,0.252786,-0.453934
0.051403,0.273475,-0.422833
-0.176913,-0.010825,-0.708838
0.097029,-0.095958,-0.656045
-0.16607,-0.152964,-0.559614
0.016854,-0.231474,-0.485909
-0.097777,-0.217781,-0.310452
-0.240065,-0.449373,-0.417723
-0.067902,-0.525355,-0.279526
-0.490328,-0.825298,-0.368753
-0.151707,-1.0204,-0.246203
-0.407234,-1.063818,0.063278
-0.301999,-1.197887,0.236331
-0.348754,-1.210042,0.538639
-0.273996,-1.17135,0.838002
-0.22496,-1.023711,1.177826
-0.179987,-0.847193,1.437669
-0.136677,-0.664754,1.601109
-0.190436,-0.581777,1.579301
0.238199,-0.16091,1.874634
-0.084753,0.124157,1.851793
0.363232,0.423106,1.761654
-0.10835,0.500578,1.37748
0.403868,0.611742,1.076749
0.129371,0.841794,0.918696
0.544759,1.118838,0.768649
0.344853,1.425302,0.593418
0.423317,1.470073,0.097849
0.266631,1.386567,-0.445271
0.319465,1.234906,-0.9283
0.251228,1.119068,-1.238233
0.232626,0.968737,-1.489021
0.087802,0.721973,-1.743492
0.085881,0.45615,-1.894644
0.060492,0.290074,-1.837583
-0.107996,0.017981,-1.847557
-0.334687,-0.496794,-2.016691
-0.035429,-0.665711,-1.653399
-0.321759,-0.752637,-1.226465
-0.100909,-0.815868,-0.830878
-0.432904,-0.96489,-0.577273
-0.176991,-1.072139,-0.285373
-0.353843,-1.060618,0.10201
-0.192306,-1.036992,0.424439
-0.475456,-1.150049,0.541837
-0.083964,-1.065224,0.868727
-0.582211,-1.15564,0.93282
0.033009,-1.031487,1.226429
-0.466992,-0.903969,1.430371
0.228369,-0.586693,1.747068
-0.176765,-0.194696,1.98313
0.180416,0.003306,1.862745
0.046538,0.285076,1.789602
0.251667,0.507674,1.586653
0.206243,0.750047,1.375259
0.448575,1.064228,1.203126
0.249655,1.233612,0.824648
0.455455,1.329937,0.394206
0.482926,1.573573,0.163961
0.330278,1.558257,-0.354579
0.397877,1.460074,-0.852869
0.212689,1.266702,-1.322218
0.442571,1.214455,-1.503255
0.120053,1.065466,-1.730962
0.243385,0.814928,-1.972257
0.048357,0.595977,-2.060958
-0.039274,0.219798,-2.224349
-0.272276,-0.286697,-2.374157
-0.128877,-0.612239,-2.162601
-0.465367,-0.97398,-1.929775
-0.133164,-1.116175,-1.413119
-0.533681,-1.26814,-0.96174
-0.163742,-1.316594,-0.447021
-0.469569,-1.293114,0.056371
-0.118107,-1.185021,0.541688
-0.374511,-1.051649,0.927644
-0.062637,-0.888415,1.230121
-0.338045,-0.78942,1.361917
-0.024135,-0.668609,1.46079
-0.22797,-0.525564,1.526868
-0.09299,-0.49987,1.420126
0.21662,-0.0602,1.739932
0.132272,0.366728,1.854333
0.293787,0.67037,1.695633
0.105564,0.772984,1.274965
0.611023,1.143522,1.171364
0.197659,1.366196,0.828423
0.689602,1.583731,0.478698
0.129992,1.561647,-0.109457
0.810789,1.704229,-0.414574
0.23043,1.795672,-0.75563
0.487802,1.5628,-1.383634
0.17007,1.335148,-1.817237
0.257768,1.005716,-2.201937
0.085687,0.73246,-2.358541
0.199858,0.548865,-2.313751
-0.263804,0.097952,-2.489712
-0.035991,-0.324027,-2.468031
-0.443204,-0.73633,-2.3142
-0.170144,-1.029761,-1.947034
-0.519719,-1.26561,-1.504019
0.020874,-1.139838,-0.712801
-0.585987,-1.165631,-0.26121
-0.062015,-1.182667,0.121073
-0.534822,-1.177126,0.45841
-0.078416,-1.129982,0.771593
-0.272743,-0.877444,1.216523
-0.068966,-0.704495,1.421566
-0.132593,-0.490046,1.577265
-0.114109,-0.415375,1.49927
0.312595,0.06218,1.816576
-0.045531,0.339558,1.73015
0.333866,0.531874,1.491869
0.250796,0.876887,1.393866
0.281911,1.001826,0.990904
0.317566,1.111836,0.612094
0.099977,0.966189,0.016598
0.395011,0.968749,-0.273853
0.061781,0.890711,-0.590484
0.297441,0.774781,-0.861436
0.032931,0.653561,-1.051417
0.18192,0.496282,-1.204996
-0.195202,0.168468,-1.452745
-0.039529,-0.189086,-1.584818
-0.145994,-0.339506,-1.377397
-0.412838,-0.769081,-1.443415
-0.197368,-1.011198,-1.18056
-0.44284,-1.173293,-0.814989
-0.230247,-1.248048,-0.382909
-0.410532,-1.257094,0.055212
-0.32878,-1.324596,0.354348
-0.457368,-1.401393,0.607603
-0.35428,-1.442303,0.871667
-0.139613,-1.144749,1.436295
-0.381125,-1.021698,1.629874
0.146605,-0.64206,2.006345
-0.30518,-0.414011,2.045807
0.334285,-0.06555,2.129768
-0.197396,0.155877,1.966203
0.59106,0.569991,1.959975
0.054805,0.950155,1.796746
0.600402,1.196675,1.416838
0.130064,1.325437,0.917399
0.793388,1.609861,0.629885
0.084858,1.629034,0.046421
0.577971,1.470718,-0.609425
0.184301,1.415458,-0.99011
0.476755,1.310751,-1.331334
0.078064,1.109266,-1.673091
0.429211,0.987178,-1.810072
-0.261728,0.545749,-2.203741
0.303547,0.252717,-2.241787
-0.270966,0.038914,-2.105466
-0.101375,-0.410005,-2.166021
-0.231933,-0.614813,-1.836283
-0.203698,-0.793294,-1.481427
-0.493032,-1.132263,-1.300937
-0.243859,-1.305756,-0.887573
-0.336312,-1.244165,-0.265617
-0.452972,-1.388359,0.013905
-0.265609,-1.366906,0.449224
-0.368848,-1.273379,0.86747
-0.190525,-1.124478,1.233565
-0.284368,-0.968736,1.492274
-0.143436,-0.824043,1.644055
-0.196435,-0.671786,1.731154
0.080655,-0.362782,1.912774
-0.051355,-0.083645,1.937319
0.103171,0.092622,1.770589
0.182806,0.392795,1.706563
0.031374,0.46056,1.332242
0.375636,0.687442,1.16783
0.176701,0.905209,0.957475
0.234449,0.884384,0.483168
0.266962,0.939486,0.181152
0.228644,0.945899,-0.128699
0.097786,0.771368,-0.562548
0.480236,0.931426,-0.527016
-0.182793,0.694053,-0.943684
0.410808,0.555575,-1.111079
-0.129484,0.473589,-1.148633
0.085329,0.159643,-1.386415
-0.095646,0.005516,-1.325016
-0.069018,-0.205341,-1.285775
-0.265165,-0.481382,-1.255917
-0.118317,-0.647892,-1.039388
-0.337192,-0.809198,-0.808842
0.030354,-0.710071,-0.313276
-0.389252,-0.7295,-0.060162
0.109505,-0.607977,0.291641
-0.376348,-0.570116,0.456484
0.140886,-0.464625,0.646277
-0.233921,-0.313584,0.813913
0.063077,-0.271686,0.795242
-0.445379,-0.492643,0.504695
0.225741,-0.401234,0.648004
-0.429709,-0.401238,0.645249
0.200186,-0.36136,0.682901
-0.249952,-0.223148,0.79977
0.143017,-0.161523,0.776383
-0.28039,-0.201381,0.637469
0.25678,-0.070762,0.707382
-0.261315,-0.037298,0.627672
0.322187,0.093462,0.650364
-0.256194,0.106521,0.511814
0.312288,0.155447,0.431539
0.00113,0.377175,0.52464
0.198772,0.409363,0.343994
-0.091261,0.306076,0.052539
0.257333,0.330338,-0.025004
0.022001,0.41777,-0.031923
0.19007,0.41748,-0.151479
0.024304,0.398048,-0.267374
0.250161,0.460365,-0.273671
-0.044188,0.400194,-0.419955
0.321853,0.465383,-0.395032
-0.137487,0.369071,-0.555903
0.325561,0.364122,-0.565952
-0.154279,0.29815,-0.63363
0.361804,0.346684,-0.554152
-0.249034,0.227767,-0.671786
0.46955,0.332432,-0.507811
-0.403313,0.165186,-0.678303
0.374469,0.066949,-0.697219
-0.254954,0.087654,-0.564127
0.160073,-0.048123,-0.619017
-0.258223,-0.162978,-0.601822
0.140953,-0.197009,-0.472614
-0.41466,-0.405211,-0.531917
0.183714,-0.413362,-0.31744
-0.351309,-0.405344,-0.1251
0.013268,-0.510586,-0.08497
-0.526803,-0.773553,-0.178617
0.137486,-0.730558,0.130381
-0.510287,-0.746612,0.308721
0.295657,-0.524558,0.696102
-0.3172,-0.285542,0.960225
0.351407,-0.038435,1.110552
-0.193823,0.147648,1.097161
0.419816,0.363087,1.059844
0.034492,0.636264,1.022724
0.272107,0.662191,0.663454
0.333085,0.935616,0.612165
0.15952,0.951592,0.231145
0.201583,0.830194,-0.219648
0.193086,0.780823,-0.476345
0.073341,0.618477,-0.782432
0.136099,0.480048,-0.957743
0.06952,0.393724,-1.00611
0.154379,0.373566,-0.953224
0.051949,0.339545,-0.918202
-0.043889,0.135911,-1.049242
-0.00976,-0.023274,-1.049844
-0.18288,-0.245294,-1.065412
-0.227587,-0.557441,-1.101543
-0.309015,-0.836625,-1.004201
-0.326251,-1.062845,-0.788636
-0.473188,-1.329781,-0.586878
-0.433307,-1.547541,-0.294197
-0.407428,-1.582941,0.190562
-0.323478,-1.474011,0.738168
-0.253368,-1.251976,1.262154
-0.201736,-1.005268,1.644645
-0.097251,-0.715661,1.92335
0.044671,-0.323751,2.164521
0.076138,0.041048,2.215186
0.148743,0.3264,2.067338
0.366705,0.746468,1.996692
0.201331,0.984468,1.63138
0.499979,1.238667,1.280276
0.239414,1.359941,0.786697
0.641318,1.56823,0.43753
0.30592,1.684723,0.000424
0.494725,1.612433,-0.577364
0.313582,1.541958,-1.02187
0.301032,1.313361,-1.518899
0.47565,1.342504,-1.595174
0.017013,1.052543,-1.984803
0.375928,0.83812,-2.137876
-0.149439,0.522442,-2.298794
0.107947,0.142722,-2.398477
-0.46508,-0.392505,-2.52081
-0.029308,-0.744964,-2.276563
-0.616629,-1.10655,-1.982113
-0.209424,-1.396949,-1.563946
-0.705265,-1.654778,-1.105541
-0.31818,-1.824529,-0.568806
-0.655867,-1.877245,0.033909
-0.286081,-1.813627,0.654258
-0.584076,-1.722191,1.165473
-0.267778,-1.607921,1.57496
-0.3929,-1.374862,1.991153
-0.119305,-1.080699,2.319455
0.021058,-0.533887,2.749779
-0.130561,-0.268561,2.652814
0.126222,-0.01945,2.478458
-0.10197,0.101044,2.13388
0.362959,0.407064,2.004149
0.177621,0.787982,1.88216
0.322825,0.951961,1.452133
0.238714,1.063322,1.002001
0.439643,1.226227,0.655528
0.422461,1.457475,0.394357
0.46525,1.589977,0.014689
0.469775,1.684076,-0.370996
0.251275,1.501271,-0.988535
0.482825,1.420068,-1.332298
0.137879,1.229164,-1.696085
0.368586,1.039417,-1.932326
0.21799,0.992134,-1.924293
0.182706,0.797993,-2.050459
-0.022898,0.458517,-2.239746
0.155964,0.275025,-2.135241
-0.28718,-0.094709,-2.181787
0.178143,-0.214944,-1.85907
-0.60486,-0.626365,-1.852785
0.171333,-0.760334,-1.446815
-0.563703,-0.847542,-1.031028
0.041663,-0.930682,-0.66401
-0.681285,-1.135689,-0.463652
-0.105176,-1.304723,-0.203885
-0.56813,-1.323304,0.207689
-0.218088,-1.382748,0.505775
-0.209315,-1.076736,1.130514
-0.329838,-1.011368,1.304105
-0.010947,-0.76132,1.609783
-0.187082,-0.513203,1.780438
0.084581,-0.269176,1.840142
0.19114,0.206281,2.046725
0.185526,0.542562,1.932243
0.290545,0.80609,1.665875
0.41909,1.15026,1.451703
0.27698,1.28736,0.9679
0.534842,1.466521,0.576952
0.310444,1.548141,0.108995
0.627203,1.685033,-0.239265
0.131725,1.529154,-0.855193
0.47947,1.328392,-1.352215
0.02759,1.069221,-1.752984
0.31789,0.807213,-2.002691
-0.175442,0.434159,-2.237398
0.019349,-0.010965,-2.387664
-0.222418,-0.305993,-2.225746
-0.168283,-0.610485,-2.015549
-0.358554,-0.895873,-1.734837
-0.287818,-1.127845,-1.368429
-0.420034,-1.297729,-0.939958
-0.308332,-1.372824,-0.447143
-0.417918,-1.399714,0.022771
-0.155799,-1.230871,0.607201
-0.3571,-1.088466,1.003499
-0.198159,-1.023641,1.204199
-0.10487,-0.746865,1.55927
-0.345871,-0.751315,1.482618
0.153118,-0.474518,1.703112
-0.288064,-0.319392,1.677001
0.193664,-0.15821,1.615371
-0.237157,-0.077349,1.436774
0.278073,0.083429,1.347769
-0.108998,0.236894,1.220129
0.400287,0.469442,1.149784
0.035983,0.676954,0.998005
0.402952,0.813735,0.742078
0.085865,0.885073,0.428301
0.325049,0.861997,0.058325
0.009885,0.735761,-0.337591
0.361654,0.724928,-0.505011
-0.073264,0.594488,-0.756977
0.319978,0.521006,-0.864981
-0.132557,0.381328,-0.996614
0.229818,0.261317,-1.041667
-0.188372,0.107457,-1.076006
0.095772,-0.063074,-1.074332
-0.245876,-0.23419,-1.022404
-0.086052,-0.465331,-0.989031
-0.337263,-0.686936,-0.883121
0.006914,-0.675414,-0.497726
-0.378196,-0.729589,-0.254709
-0.230216,-0.945575,-0.203424
-0.263386,-0.951504,0.11297
-0.232484,-0.940764,0.387697
-0.103549,-0.767658,0.76937
-0.064633,-0.51088,1.110264
0.007649,-0.261549,1.301909
-0.193173,-0.264987,1.129573
0.024824,-0.236342,1.023095
0.056513,0.001608,1.137559
0.123172,0.220341,1.139673
0.158682,0.425295,1.061987
0.116558,0.514498,0.821824
0.224179,0.619203,0.616033
0.256626,0.792631,0.486653
0.364303,1.011049,0.374818
0.208905,1.057296,0.046534
0.264098,0.982622,-0.35417
0.153653,0.868486,-0.695801
0.3151,0.859799,-0.832831
-0.07341,0.606768,-1.185565
0.232389,0.422282,-1.326823
0.045875,0.413095,-1.2106
0.019458,0.21887,-1.298739
0.015308,0.090306,-1.246204
-0.139267,-0.130185,-1.257008
-0.177836,-0.418549,-1.267485
-0.288445,-0.708471,-1.191021
-0.402034,-1.06351,-1.107225
-0.237179,-1.175053,-0.689342
-0.586211,-1.414771,-0.44557
-0.188189,-1.440986,0.037305
-0.555076,-1.443446,0.460053
-0.0848,-1.287688,0.961434
-0.552809,-1.234515,1.218241
-0.07294,-1.138995,1.452649
-0.283986,-0.861023,1.796316
-0.087992,-0.702238,1.872108
-0.100364,-0.455791,1.973525
0.103201,-0.13608,2.055003
0.122382,0.229424,2.070881
0.1498,0.457492,1.836653
0.309293,0.746325,1.639275
0.208067,0.925165,1.282755
0.371537,1.072691,0.909007
0.341899,1.248989,0.590786
0.38894,1.344776,0.199627
0.371151,1.401571,-0.18494
0.497707,1.525132,-0.446712
0.328995,1.52163,-0.822878
0.49942,1.523417,-1.121234
0.07257,1.238908,-1.649733
0.246454,0.865233,-2.081632
0.053058,0.624219,-2.186706
0.104113,0.376507,-2.20621
-0.328644,-0.134937,-2.411426
-0.094303,-0.554008,-2.331845
-0.572554,-1.027704,-2.196288
-0.185347,-1.302349,-1.745328
-0.688621,-1.576421,-1.297083
-0.171336,-1.631188,-0.632479
-0.600813,-1.595908,0.012329
-0.356305,-1.694497,0.39017
-0.521248,-1.673563,0.84532
-0.458674,-1.730766,1.129576
-0.253083,-1.486089,1.678863
-0.305093,-1.208757,2.083037
-0.158277,-0.953917,2.304727
-0.150643,-0.677861,2.429059
-0.1298,-0.507147,2.34161
0.239627,-0.037101,2.518893
0.194949,0.49282,2.581355
0.56363,1.088749,2.538981
0.349526,1.502728,2.143928
0.735626,1.887321,1.670356
0.569888,2.242427,1.141898
0.633374,2.313163,0.322945
0.465072,2.204609,-0.540918
0.671481,2.170714,-1.133421
0.215491,1.859844,-1.880155
0.526722,1.57538,-2.365343
0.152209,1.319336,-2.644587
0.11023,0.801104,-3.056149
0.027783,0.405297,-3.111618
-0.278191,-0.175002,-3.222299
-0.149403,-0.616167,-2.998727
-0.529793,-1.092287,-2.720239
-0.39892,-1.530686,-2.314106
-0.591742,-1.808676,-1.693211
-0.59592,-2.100554,-1.120776
-0.59232,-2.223755,-0.400864
-0.830966,-2.491966,0.074216
-0.475815,-2.466697,0.832973
-0.756151,-2.384413,1.497001
-0.23453,-2.047392,2.264916
-0.568242,-1.712418,2.783773
0.02169,-1.234585,3.246414
-0.471965,-0.93988,3.294676
0.299304,-0.463616,3.426915
-0.281834,-0.107191,3.271311
0.516918,0.340525,3.129635
-0.070576,0.690099,2.782421
0.715422,1.108251,2.464883
0.22939,1.525992,2.08182
0.85847,1.911191,1.613675
0.397914,2.190681,1.01321
0.798231,2.292223,0.265038
0.6523,2.527422,-0.237788
0.856276,2.697545,-0.780711
0.408906,2.497099,-1.642087
0.60389,2.154771,-2.421547
0.346153,1.870178,-2.892478
0.464118,1.595046,-3.179093
-0.024324,1.063742,-3.584884
0.219649,0.586233,-3.700387
-0.288112,0.054674,-3.704743
-0.089043,-0.469195,-3.541114
-0.481202,-0.937583,-3.195931
-0.461056,-1.490766,-2.860613
-0.462184,-1.736941,-2.116042
-0.726896,-2.095974,-1.551945
-0.513324,-2.277594,-0.809904
-0.779154,-2.412338,-0.107488
-0.450329,-2.362035,0.686938
-0.69914,-2.257975,1.369091
-0.294726,-1.998175,2.046156
-0.563117,-1.745612,2.509401
-0.065916,-1.345151,2.956759
-0.353551,-0.96718,3.176492
0.234652,-0.440073,3.390218
0.226435,0.353194,3.671366
0.36574,0.892983,3.407637
0.422806,1.334769,2.934077
0.516687,1.681961,2.323362
0.602017,2.00095,1.696325
0.594441,2.204584,0.977372
0.69511,2.371494,0.297205
0.583364,2.406599,-0.435607
0.801587,2.512491,-0.96893
0.285678,2.224596,-1.826476
0.686954,1.983304,-2.388117
0.256596,1.770983,-2.741687
0.186373,1.193134,-3.32991
0.028985,0.660093,-3.588209
0.11089,0.323496,-3.441074
-0.311807,-0.1879,-3.395715
-0.235912,-0.746316,-3.252575
-0.393844,-1.109425,-2.7738
-0.500701,-1.520825,-2.325351
-0.626312,-1.930368,-1.836831
-0.624134,-2.226471,-1.204825
-0.904172,-2.62732,-0.708817
-0.592529,-2.748296,0.093079
-0.711854,-2.615554,1.032624
-0.564875,-2.472015,1.76463
-0.640743,-2.314552,2.328418
-0.2468,-1.887607,3.007329
-0.535157,-1.580787,3.309038
0.016093,-1.12358,3.611765
-0.34434,-0.747175,3.639007
0.258111,-0.279822,3.639102
0.109402,0.347356,3.658796
0.359905,0.778397,3.290459
0.444071,1.288803,2.942159
0.603348,1.765101,2.472805
0.554461,2.078937,1.787278
0.887397,2.497373,1.242449
0.447048,2.54409,0.303889
0.901879,2.588423,-0.472744
0.326946,2.41394,-1.333933
0.746105,2.19397,-2.024638
0.31743,2.004924,-2.487194
0.622991,1.811653,-2.809376
-0.221487,1.132657,-3.498086
0.499656,0.726724,-3.579181
-0.389083,0.280803,-3.563075
0.21648,-0.135815,-3.386949
-0.577792,-0.586344,-3.153214
0.053734,-0.885579,-2.677435
-0.726348,-1.227874,-2.245344
-0.213452,-1.570915,-1.793408
-0.690775,-1.740075,-1.150547
-0.145221,-1.682978,-0.352823
-0.93611,-1.92241,-0.020326
-0.053166,-1.857683,0.624986
-0.902186,-1.853877,1.067349
-0.056557,-1.752768,1.521825
-0.732807,-1.599218,1.912059
0.058708,-1.323944,2.303806
-0.37023,-0.887212,2.699998
0.203472,-0.465341,2.875033
-0.123848,-0.058392,2.875328
0.413285,0.38764,2.792565
0.047092,0.724572,2.482617
0.468114,0.972088,2.041064
0.374984,1.363973,1.753521
0.505784,1.595398,1.242584
0.580195,1.882804,0.81528
0.424647,1.920837,0.133568
0.512201,1.860145,-0.528753
0.478448,1.848352,-0.998126
0.519109,1.833964,-1.377376
0.142468,1.471553,-2.028275
0.529509,1.312376,-2.243547
-0.193914,0.84909,-2.674271
0.238476,0.381528,-2.888449
-0.278478,0.011377,-2.824254
-0.044333,-0.402244,-2.70468
-0.627098,-0.976305,-2.644179
-0.307737,-1.466044,-2.338632
-0.774112,-1.877641,-1.866077
-0.321424,-2.031588,-1.102176
-0.889831,-2.238993,-0.490692
-0.564639,-2.504611,0.008619
-0.659648,-2.419783,0.843192
-0.48021,-2.250057,1.578647
-0.463331,-1.957402,2.246376
-0.285911,-1.591753,2.772433
-0.422801,-1.365099,2.949851
0.211651,-0.733425,3.430583
-0.333511,-0.372514,3.359711
0.395457,0.04343,3.249063
0.076902,0.584492,3.159774
0.635434,1.123284,2.922861
0.203977,1.454425,2.361673
0.733056,1.738316,1.760518
0.336527,1.935857,1.102067
0.757246,2.072132,0.448192
0.294651,2.030167,-0.30057
0.55812,1.826367,-1.056312
0.14737,1.52061,-1.70928
0.557675,1.382243,-1.979067
-0.088975,1.024892,-2.375069
0.352067,0.689433,-2.566732
-0.20307,0.355839,-2.619478
-0.006729,-0.116351,-2.700718
-0.396692,-0.568951,-2.605278
-0.085718,-0.831427,-2.202065
-0.465785,-1.046727,-1.749545
-0.148147,-1.160698,-1.217085
-0.54525,-1.307614,-0.784546
-0.164888,-1.340801,-0.276385
-0.368466,-1.19832,0.32085
-0.374582,-1.292526,0.525177
-0.275293,-1.237672,0.868006
-0.198524,-1.030403,1.281656
-0.14818,-0.790786,1.586878
-0.155955,-0.621234,1.692159
0.029936,-0.353354,1.824899
0.093656,0.016918,1.954446
0.00243,0.173358,1.734465
0.165155,0.3234,1.502952
0.054843,0.425301,1.222271
0.269203,0.580104,1.017252
0.058808,0.631834,0.701673
0.356004,0.752916,0.499886
-0.029489,0.687368,0.113486
0.306915,0.628599,-0.173056
0.137445,0.721047,-0.236308
0.312357,0.78713,-0.341641
0.25117,0.912191,-0.387807
0.186939,0.853577,-0.646396
0.081517,0.650696,-0.982535
-0.058142,0.30127,-1.340487
0.179567,0.224256,-1.253191
-0.018658,0.204954,-1.101664
0.130211,0.17183,-0.986957
0.002255,0.165882,-0.856933
0.19603,0.246724,-0.663039
-0.210532,0.062736,-0.795066
0.139836,-0.050077,-0.775638
-0.279062,-0.209272,-0.77244
0.084061,-0.302628,-0.65625
-0.227167,-0.329075,-0.467222
0.000251,-0.387424,-0.338077
-0.198398,-0.405406,-0.175597
-0.154781,-0.543066,-0.158272
-0.173594,-0.59076,-0.012975
-0.174125,-0.626259,0.13122
0.048512,-0.416081,0.504343
-0.274147,-0.418352,0.531071
0.20863,-0.226035,0.74799
-0.401121,-0.296451,0.603266
0.221136,-0.263967,0.610064
-0.205476,-0.114034,0.723275
0.105812,-0.107202,0.626895
-0.100021,-0.033314,0.613833
-0.046185,-0.128307,0.412206
0.150337,0.061106,0.561791
-0.070144,0.118185,0.493798
0.119247,0.134963,0.381298
0.060241,0.250297,0.383697
-0.034508,0.160205,0.145613
0.023888,0.078759,-0.011562
0.139082,0.199499,0.087747
0.074141,0.302575,0.114301
0.106086,0.328673,0.02791
0.214862,0.475793,0.071125
0.07705,0.511168,-0.049752
0.098539,0.421479,-0.283339
0.127187,0.415279,-0.362148
-0.080918,0.226705,-0.606499
0.102085,0.118352,-0.667628
0.052146,0.176494,-0.518143
0.130357,0.24481,-0.404328
-0.08166,0.141894,-0.503865
0.235844,0.213143,-0.37945
-0.274784,0.02887,-0.55557
0.072159,-0.182934,-0.670477
-0.274605,-0.327947,-0.63322
0.258533,-0.177913,-0.26449
-0.360573,-0.227428,-0.210379
0.0532,-0.393445,-0.268195
-0.229064,-0.388634,-0.094394
0.133443,-0.270807,0.157958
-0.116544,-0.12553,0.354465
0.04131,-0.112165,0.338139
-0.116975,-0.122352,0.297356
-0.062204,-0.216762,0.183153
-0.076876,-0.233913,0.196231
-0.1505,-0.328795,0.13424
0.021278,-0.273199,0.262968
-0.088957,-0.195887,0.372276
0.012583,-0.15053,0.405666
-0.134974,-0.182687,0.341591
0.075895,-0.123261,0.390921
-0.154738,-0.132426,0.344459
-0.024264,-0.215962,0.235203
-0.065491,-0.185901,0.285364
-0.064908,-0.205385,0.267431
-0.079302,-0.229713,0.253905
-0.022294,-0.198366,0.305925
0.099927,-0.007082,0.498592
-0.131558,-0.02522,0.387846
0.042001,-0.073496,0.273445
-0.084178,-0.072186,0.244849
0.011762,-0.090296,0.201873
0.08989,0.063403,0.344305
-0.005881,0.120494,0.316958
0.114249,0.181882,0.281975
0.012051,0.217096,0.209049
0.205803,0.333559,0.220664
0.073787,0.434616,0.179727
0.246203,0.537109,0.117687
0.040626,0.535472,-0.067445
0.189894,0.491496,-0.259248
0.104364,0.510647,-0.338288
0.196588,0.532308,-0.405547
0.042059,0.468921,-0.551573
0.14422,0.394471,-0.6619
-0.08361,0.216949,-0.832003
0.163277,0.163223,-0.792733
-0.203621,-0.006768,-0.861072
0.297418,0.076333,-0.612337
-0.285262,-0.003912,-0.599138
0.189464,-0.093192,-0.573409
-0.480206,-0.37922,-0.722531
0.135873,-0.514823,-0.607088
-0.344472,-0.503881,-0.326352
0.196187,-0.378831,0.011869
-0.292313,-0.304685,0.197409
0.077344,-0.330183,0.225808
-0.315477,-0.401926,0.210216
0.082236,-0.394248,0.298531
-0.345922,-0.457092,0.29724
0.216849,-0.311136,0.523847
-0.260317,-0.199767,0.629026
0.165791,-0.143216,0.625992
-0.12689,-0.024246,0.668988
0.254625,0.155061,0.728461
-0.086037,0.249795,0.638269
0.486431,0.559427,0.751691
0.058437,0.806007,0.687621
0.57704,1.060143,0.569306
-0.056924,1.015257,0.098209
0.49618,0.956506,-0.283779
-0.04567,0.867794,-0.605525
0.213605,0.582179,-1.036429
0.153944,0.595821,-1.000519
-0.02184,0.3746,-1.210388
0.207282,0.326512,-1.140883
-0.046212,0.257963,-1.090618
-0.030074,0.013693,-1.20506
-0.104103,-0.172525,-1.166424
-0.099906,-0.326518,-1.047039
-0.166214,-0.46127,-0.884899
-0.182459,-0.598082,-0.7152
-0.240256,-0.732118,-0.533923
-0.430254,-1.0339,-0.514625
-0.162942,-1.087705,-0.160481
-0.504908,-1.201827,0.082199
0.014907,-1.037136,0.591821
-0.371407,-0.852885,0.974766
0.08506,-0.636657,1.261654
-0.335742,-0.52705,1.322544
0.374833,-0.137958,1.618467
-0.322483,0.010627,1.50093
0.623456,0.398572,1.60051
-0.20674,0.617677,1.395946
0.708963,0.887574,1.21531
-0.029729,1.100738,0.931292
0.766211,1.327076,0.650463
0.055005,1.434152,0.235829
0.747469,1.523484,-0.149893
0.058253,1.486722,-0.615221
0.584264,1.355444,-1.075623
-0.003478,1.157057,-1.476276
0.475265,0.991613,-1.708345
-0.174621,0.680591,-1.992265
0.130442,0.23389,-2.264614
-0.269619,-0.12586,-2.264254
0.042178,-0.353979,-2.024407
-0.404407,-0.624411,-1.804009
-0.331947,-1.080278,-1.729791
-0.499984,-1.408067,-1.404836
-0.417686,-1.627898,-0.935328
-0.607795,-1.835073,-0.476422
-0.398778,-1.882386,0.117307
-0.555191,-1.850591,0.69153
-0.411019,-1.808324,1.157583
-0.444684,-1.672459,1.616004
-0.249777,-1.421581,2.061579
-0.30825,-1.161375,2.356559
-0.215852,-0.979701,2.438899
-0.035265,-0.621826,2.627293
-0.078674,-0.316234,2.620248
0.103084,-0.021029,2.512475
0.241718,0.424479,2.486922
0.258447,0.787711,2.250294
0.473826,1.190297,1.98901
0.376075,1.477228,1.54094
0.436055,1.574774,0.902539
0.497561,1.7135,0.39735
0.609742,1.930192,0.024495
0.401845,1.916689,-0.572719
0.548613,1.84571,-1.109888
0.274952,1.647164,-1.65127
0.496036,1.501024,-1.977817
0.119778,1.237611,-2.315753
0.267175,0.901151,-2.583503
-0.079829,0.507864,-2.75627
0.036613,0.108448,-2.784354
-0.50708,-0.531278,-2.927588
-0.141498,-0.980613,-2.661298
-0.606844,-1.33095,-2.211805
-0.355309,-1.655414,-1.716741
-0.813578,-2.029732,-1.268254
-0.251713,-2.049529,-0.438163
-0.838127,-2.106959,0.202516
-0.273337,-2.07303,0.830055
-0.594473,-1.843788,1.523495
-0.469615,-1.865594,1.765361
-0.315162,-1.599997,2.255217
-0.330314,-1.323749,2.582973
-0.247564,-1.103401,2.709681
-0.14299,-0.80911,2.820152
0.050424,-0.370016,2.96615
-0.015485,-0.036465,2.847137
0.209907,0.291624,2.645209
0.183257,0.623794,2.387302
0.54271,1.115031,2.237813
0.296745,1.432213,1.795301
0.65959,1.71458,1.306897
0.448558,1.951755,0.781388
0.592384,2.003221,0.098862
0.464745,2.003456,-0.520652
0.599867,1.999041,-1.027181
0.4882,1.986514,-1.444256
0.43967,1.814538,-1.937778
0.353108,1.578569,-2.34993
0.221218,1.234303,-2.72128
0.192205,0.899602,-2.90923
-0.129389,0.377028,-3.148931
-0.197255,-0.251147,-3.291918
-0.191607,-0.626386,-2.966349
-0.329873,-0.934166,-2.522606
-0.445668,-1.31054,-2.139436
-0.448459,-1.590408,-1.619649
-0.448474,-1.712077,-0.956462
-0.64443,-1.942353,-0.491388
-0.55647,-2.127288,-0.000254
-0.472884,-2.037361,0.727908
-0.584879,-2.000039,1.238136
-0.301979,-1.778863,1.824077
-0.538513,-1.626762,2.163263
-0.45024,-1.661751,2.205282
-0.269441,-1.41732,2.529234
-0.105689,-0.955675,2.93552
-0.13309,-0.588626,3.031523
-0.011733,-0.304566,2.916182
0.257844,0.21165,2.969692
0.012488,0.469161,2.599467
0.454232,0.804031,2.29969
0.251083,1.153896,1.971404
0.407442,1.289221,1.385993
0.523727,1.590476,1.037143
0.487588,1.795667,0.568134
0.550105,1.909495,0.035315
0.57476,2.026015,-0.427723
0.445433,1.958616,-1.02166
0.50073,1.840061,-1.533684
0.31104,1.620381,-2.013983
0.316938,1.326506,-2.411316
0.147426,0.999471,-2.678152
0.275452,0.800746,-2.66787
-0.036348,0.505218,-2.696727
-0.029789,0.082239,-2.758894
-0.315583,-0.411629,-2.753244
-0.134059,-0.734027,-2.429038
-0.486454,-1.071282,-2.084567
-0.388456,-1.445288,-1.741121
-0.503313,-1.645212,-1.176646
-0.334707,-1.65736,-0.471668
-0.598447,-1.747229,0.025288
-0.365624,-1.776828,0.515053
-0.471255,-1.668127,1.058941
-0.113972,-1.329806,1.696501
-0.537338,-1.236955,1.865959
0.004666,-1.022777,2.096691
-0.386128,-0.809449,2.21848
0.146735,-0.516765,2.332488
-0.2684,-0.30142,2.259688
0.526763,0.224881,2.447075
-0.013228,0.671183,2.360968
0.533281,0.951407,1.991252
0.22891,1.264217,1.640302
0.634449,1.538189,1.223351
0.457486,1.846519,0.837788
0.506515,1.875024,0.153158
0.560827,1.960329,-0.353145
0.370613,1.841397,-0.993079
0.519419,1.733946,-1.464263
0.254889,1.530769,-1.909415
0.333311,1.251719,-2.284907
0.05887,0.893314,-2.584696
0.183562,0.579815,-2.675097
-0.021745,0.326365,-2.594223
-0.072918,-0.033075,-2.55867
-0.188084,-0.372594,-2.40212
-0.284928,-0.736584,-2.19793
-0.240394,-0.953038,-1.775802
-0.38571,-1.149616,-1.349065
-0.403889,-1.379797,-0.97804
-0.474021,-1.56654,-0.565017
-0.410588,-1.643077,-0.064239
-0.469955,-1.663592,0.420375
-0.342158,-1.580097,0.923075
-0.559233,-1.6203,1.181517
-0.328766,-1.594964,1.468455
-0.449565,-1.484197,1.778705
-0.200098,-1.275656,2.094551
-0.215563,-0.949696,2.405242
0.060326,-0.512319,2.670532
-0.001466,-0.096511,2.732635
0.152862,0.212593,2.551491
0.121458,0.467392,2.257728
0.286893,0.720211,1.941361
0.290838,0.986803,1.623031
0.608129,1.428207,1.460018
0.130355,1.450177,0.776122
0.737601,1.611055,0.354483
0.228667,1.712215,-0.095025
0.604092,1.662199,-0.640651
0.191102,1.540258,-1.139528
0.531517,1.428057,-1.497296
0.362225,1.494728,-1.574557
0.422676,1.433061,-1.785476
-0.001515,1.024006,-2.285209
0.308797,0.728029,-2.454198
-0.174663,0.369102,-2.565237
0.128553,0.053299,-2.504376
-0.302809,-0.260635,-2.358469
-0.152581,-0.649765,-2.221299
-0.367543,-0.9186,-1.873158
-0.167803,-1.032817,-1.355895
-0.659932,-1.381598,-1.137212
-0.083113,-1.413338,-0.538402
-0.728522,-1.531528,-0.130294
-0.051871,-1.478516,0.406932
-0.741504,-1.511169,0.740517
-0.009991,-1.403308,1.16103
-0.668943,-1.333147,1.431588
-0.152478,-1.363836,1.528841
-0.331216,-1.089209,1.922138
-0.061164,-0.826977,2.145927
-0.284318,-0.667017,2.146254
0.117513,-0.38603,2.219557
-0.089308,-0.087778,2.211902
0.100251,0.064461,1.970213
0.08919,0.290456,1.802529
0.248021,0.545622,1.628077
0.245613,0.806767,1.416201
0.254094,0.935178,1.033503
0.428585,1.1662,0.787606
0.15992,1.160251,0.282152
0.382622,1.117962,-0.161822
0.1412,1.038068,-0.546358
0.325282,0.949543,-0.842496
0.183277,0.917103,-0.999725
0.315921,0.899434,-1.102577
-0.012908,0.677036,-1.385316
0.335763,0.607252,-1.395
-0.096423,0.453591,-1.465787
0.189987,0.271371,-1.505585
-0.216456,0.029995,-1.542312
0.174069,-0.067435,-1.355702
-0.381513,-0.312796,-1.323249
-0.04526,-0.59795,-1.263147
-0.36549,-0.755725,-1.001539
-0.16243,-0.909294,-0.738099
-0.246604,-0.876961,-0.292739
-0.247059,-0.919192,-0.016262
-0.408687,-1.091286,0.090492
0.026476,-0.883365,0.608605
-0.346094,-0.739603,0.901741
0.098835,-0.546381,1.145513
-0.27154,-0.409957,1.228203
0.041985,-0.358251,1.169538
-0.109726,-0.204284,1.208768
0.195314,0.04277,1.28744
-0.112243,0.136423,1.123648
0.415382,0.427522,1.160327
-0.099728,0.534291,0.918378
0.393755,0.607882,0.657188
0.01726,0.701868,0.443945
0.541632,0.925859,0.373025
0.214058,1.179378,0.277912
0.284544,1.078003,-0.230081
0.369204,1.155093,-0.432676
0.157014,1.049538,-0.802551
0.411538,1.045519,-0.968947
-0.107149,0.747237,-1.396784
0.460171,0.681485,-1.421319
-0.306984,0.39106,-1.646139
0.430488,0.283887,-1.557864
-0.442948,0.02412,-1.606803
0.155837,-0.295027,-1.627894
-0.209582,-0.281958,-1.217017
0.037184,-0.341099,-0.960338
-0.46883,-0.644328,-0.978772
-0.065169,-0.848431,-0.803611
-0.450719,-0.965731,-0.513696
-0.05797,-0.96703,-0.127674
-0.502372,-1.043167,0.110556
-0.118373,-1.087668,0.357999
-0.242104,-0.878154,0.825794
-0.419264,-1.043202,0.76729
-0.16929,-1.037537,0.940131
-0.298621,-0.932145,1.178159
-0.058408,-0.746112,1.419985
-0.197957,-0.56678,1.553353
-0.039,-0.438417,1.556613
0.064625,-0.127419,1.70338
0.247784,0.310373,1.855755
0.004544,0.456967,1.556644
0.435884,0.730724,1.397547
-0.03017,0.783389,0.965462
0.631709,1.03487,0.798487
0.021661,1.139574,0.441018
0.680774,1.287697,0.163475
0.112671,1.375755,-0.165836
0.571851,1.354499,-0.56831
0.271955,1.441138,-0.780042
0.614886,1.549013,-0.956301
0.166425,1.456078,-1.332244
0.48752,1.312052,-1.659967
0.093026,1.121422,-1.928819
0.351652,0.918934,-2.101258
-0.126744,0.56516,-2.331473
0.256407,0.331659,-2.291543
-0.303591,0.001344,-2.285963
0.11303,-0.250968,-2.104345
-0.444471,-0.552401,-1.930663
-0.12708,-0.880531,-1.726246
-0.571554,-1.195241,-1.448811
-0.161248,-1.331219,-0.950942
-0.748101,-1.59687,-0.63655
-0.10289,-1.600078,-0.039752
-0.812822,-1.707052,0.34085
0.036192,-1.53524,0.960016
-0.737095,-1.43374,1.339684
-0.00764,-1.334307,1.614699
-0.449087,-1.058528,1.983978
0.086285,-0.767797,2.215311
-0.072651,-0.29028,2.502257
0.180907,0.070472,2.474664
0.052094,0.349133,2.261998
0.507399,0.819331,2.197676
0.181763,1.135995,1.850982
0.616656,1.42228,1.444781
0.076177,1.4001,0.721408
0.662358,1.459824,0.224035
0.105477,1.440474,-0.27583
0.646187,1.450321,-0.645717
0.02448,1.305381,-1.103067
0.574333,1.204934,-1.385546
-0.035691,1.028255,-1.660452
0.285102,0.70069,-1.981007
0.018253,0.54595,-1.969564
0.246883,0.457504,-1.847578
-0.234161,0.142883,-1.94841
0.063484,-0.153755,-1.917716
-0.230246,-0.326695,-1.680164
-0.184728,-0.622503,-1.558732
-0.291593,-0.831449,-1.284768
-0.166791,-0.89634,-0.856119
-0.231462,-0.863988,-0.392203
-0.166954,-0.822951,-0.017451
-0.301022,-0.863453,0.192248
-0.071367,-0.766322,0.511887
-0.346433,-0.773347,0.6375
0.000647,-0.672316,0.84941
-0.248999,-0.550598,1.011435
0.005063,-0.453877,1.081162
-0.246516,-0.425651,1.04013
0.038753,-0.354331,1.041521
-0.110436,-0.211061,1.0932
0.233267,0.072073,1.231945
-0.073454,0.221801,1.125981
0.302557,0.392389,1.016092
-0.034577,0.474564,0.787492
0.470331,0.707994,0.72893
0.155143,0.961596,0.631637
0.168561,0.814254,0.075805
0.270297,0.832161,-0.164968
0.103587,0.756337,-0.459097
0.340144,0.793178,-0.561928
0.217523,0.897766,-0.588528
0.21883,0.839943,-0.80386
0.138812,0.723577,-1.019476
0.074136,0.520077,-1.246349
-0.059382,0.217525,-1.468118
-0.03295,-0.036356,-1.508315
-0.119321,-0.227486,-1.401958
-0.220833,-0.498042,-1.337897
-0.171264,-0.67255,-1.108792
-0.409968,-0.944731,-0.968538
-0.213334,-1.093412,-0.649777
-0.433806,-1.198503,-0.303388
-0.269292,-1.271104,0.041206
-0.419606,-1.295872,0.389939
-0.308383,-1.318367,0.682118
-0.173219,-1.082662,1.18373
-0.081731,-0.731609,1.634672
-0.133586,-0.507561,1.767616
0.091701,-0.211601,1.879996
-0.051659,0.000273,1.798151
0.155621,0.181192,1.637339
0.028512,0.324662,1.415357
0.24471,0.489317,1.213695
0.192973,0.706419,1.0534
0.333681,0.902703,0.837612
0.124423,0.909593,0.414544
0.563076,1.146435,0.299746
0.219934,1.311911,0.064338
0.468554,1.325024,-0.328346
0.082939,1.154016,-0.834476
0.430685,1.04896,-1.127187
-0.153141,0.713869,-1.5628
0.142735,0.299331,-1.894566
-0.34898,-0.146634,-2.070364
-0.004543,-0.474756,-1.961127
-0.413262,-0.733173,-1.704503
-0.287983,-1.094685,-1.522207
-0.441905,-1.309319,-1.119218
-0.406084,-1.503226,-0.707678
-0.382996,-1.528391,-0.147416
-0.398462,-1.513249,0.354252
-0.363062,-1.464131,0.790037
-0.346082,-1.373301,1.169999
-0.291216,-1.242539,1.49045
-0.077794,-0.901539,1.921026
-0.184837,-0.628779,2.099253
0.037535,-0.359237,2.158571
-0.02045,-0.079943,2.135507
0.049559,0.076603,1.91029
-0.005389,0.153928,1.601678
0.419758,0.55594,1.653193
0.194729,0.91661,1.532975
0.319542,1.014423,1.064539
0.504918,1.3423,0.885826
0.280251,1.441261,0.41379
0.442793,1.432202,-0.106268
0.442367,1.552732,-0.395208
0.510286,1.668975,-0.669695
0.250866,1.517823,-1.194297
0.439768,1.376687,-1.563864
0.178484,1.200065,-1.856359
0.130247,0.816662,-2.247073
0.069061,0.504733,-2.377057
0.122327,0.341767,-2.239802
-0.308145,-0.116759,-2.375296
0.006139,-0.424582,-2.196786
-0.454697,-0.749334,-1.976774
-0.054729,-0.917694,-1.544747
-0.434343,-1.004236,-1.062479
-0.226952,-1.162477,-0.717578
-0.428814,-1.243011,-0.31303
-0.279043,-1.299002,0.063358
-0.337918,-1.236023,0.503999
-0.438364,-1.340341,0.674728
-0.203495,-1.241203,1.04777
-0.275823,-1.037658,1.424599
-0.101475,-0.81156,1.69132
-0.205172,-0.634627,1.790371
-0.085796,-0.516149,1.759066
-0.041552,-0.30648,1.789357
-0.00721,-0.126272,1.721531
0.009064,0.008301,1.566894
0.157178,0.232162,1.490554
0.070407,0.387571,1.29311
0.277016,0.585894,1.12947
0.261666,0.849107,1.002315
0.217623,0.917769,0.625805
0.389182,1.06896,0.382762
0.328438,1.228493,0.148882
0.112409,1.028206,-0.44824
0.369694,0.967036,-0.732706
0.006546,0.793481,-1.057158
0.30757,0.667916,-1.219908
0.067955,0.62993,-1.226487
0.016847,0.343912,-1.468451
-0.145821,-0.01744,-1.653971
-0.068639,-0.274755,-1.591801
-0.085813,-0.348637,-1.280814
-0.282214,-0.584996,-1.169227
-0.099273,-0.692532,-0.879111
-0.199407,-0.670182,-0.481971
-0.117377,-0.651211,-0.170372
-0.182003,-0.620062,0.088512
-0.152429,-0.622721,0.255054
-0.106155,-0.544498,0.471632
-0.223295,-0.572217,0.517652
0.15581,-0.310557,0.852624
-0.17434,-0.155284,0.939065
0.243173,0.046188,1.008699
-0.011248,0.27105,1.028052
0.330398,0.496923,0.977279
-0.06841,0.516502,0.662099
0.39436,0.617527,0.482374
0.097705,0.780688,0.368626
0.388266,0.88129,0.164982
0.349548,1.146233,0.134191
0.227572,1.120651,-0.260758
0.315949,1.070659,-0.597401
0.16407,0.959858,-0.915894
0.258723,0.849681,-1.140009
-0.050855,0.561236,-1.466756
0.079094,0.255273,-1.662407
-0.046523,0.085804,-1.592602
-0.041805,-0.104477,-1.506029
-0.05629,-0.206394,-1.290457
0.079409,-0.126067,-0.903026
-0.328945,-0.35663,-0.924195
0.073296,-0.438036,-0.723015
-0.336038,-0.51801,-0.534205
0.050833,-0.531974,-0.291268
-0.201512,-0.4334,0.022239
0.133834,-0.263337,0.318096
-0.319299,-0.317792,0.282204
0.184438,-0.250538,0.391177
-0.547953,-0.49158,0.150972
0.131695,-0.601213,0.160128
-0.593923,-0.769598,0.141682
-0.069487,-0.983149,0.132091
-0.242112,-0.790941,0.594146
-0.243253,-0.832858,0.676624
-0.105014,-0.713305,0.917475
0.027742,-0.386723,1.283728
