0.8,-1.0,2.0,0.1
-0.036219,-0.132219,-1.042219,0.362781
0.570974,0.064799,0.727037,0.080956
0.229748,0.289825,-0.402623,0.067519
0.442146,0.359843,0.318494,0.031182
0.444471,0.566498,-0.005554,0.167043
0.279121,0.339889,-0.168643,-0.22055
0.43773,0.549546,0.329755,0.175121
0.538788,0.691279,0.010685,0.178827
0.522015,0.61238,-0.016155,-0.069397
0.591579,0.742994,0.180163,0.104955
0.476113,0.655372,-0.118577,-0.070522
0.442209,0.594658,0.085169,-0.060969
0.248979,0.44117,-0.131729,-0.138883
0.210188,0.353114,0.07088,-0.065805
0.183853,0.330058,0.002276,0.009747
0.144756,0.237125,-0.028394,-0.059432
0.154635,0.235141,0.055198,0.010058
0.067029,0.141276,-0.087997,-0.075129
0.176188,0.223904,0.164436,0.089355
0.082399,0.146936,-0.145937,-0.056976
0.006961,0.028374,-0.009256,-0.121657
0.098198,0.154689,0.141041,0.126104
0.015545,0.048966,-0.157875,-0.075362
0.057322,0.057452,0.110356,-0.000927
0.020798,0.064078,-0.054012,0.011928
0.21784,0.219444,0.204548,0.163629
0.102088,0.135739,-0.195485,-0.076292
0.30213,0.306163,0.293083,0.14863
0.176325,0.257934,-0.20761,-0.040291
0.312012,0.331728,0.224703,0.061949
0.285348,0.389697,-0.056746,0.059236
0.265881,0.319586,0.008055,-0.064837
0.290328,0.387509,0.087659,0.057695
0.226879,0.322215,-0.069777,-0.048664
0.284057,0.363107,0.12217,0.042161
0.127605,0.230463,-0.164265,-0.119058
0.355085,0.420378,0.326547,0.190775
0.204588,0.315336,-0.255262,-0.075505
0.193287,0.23042,0.105314,-0.095915
0.218364,0.337522,0.065888,0.106505
0.206392,0.273108,-0.047032,-0.032632
0.097406,0.16079,-0.056428,-0.115942
0.180711,0.254607,0.153375,0.09482
0.252132,0.323452,0.017741,0.096715
0.210965,0.251844,-0.049272,-0.06525
0.161801,0.22697,0.020621,-0.039852
0.197956,0.276264,0.067277,0.055991
0.136609,0.202503,-0.075525,-0.056622
0.137379,0.189587,0.058275,-0.013898
0.184716,0.254084,0.055938,0.074163
0.166216,0.215256,-0.038379,-0.023719
0.224161,0.271969,0.099888,0.052231
0.234472,0.302689,-0.002705,0.037637
0.318583,0.372592,0.102087,0.071942
0.304252,0.384025,-0.020412,0.012283
0.225241,0.301027,-0.035874,-0.08693
0.063567,0.159213,-0.08798,-0.145747
-0.006128,0.078668,0.010884,-0.069511
-0.067517,-0.000178,-0.046675,-0.050943
0.078647,0.103173,0.159324,0.126456
0.024063,0.045439,-0.134326,-0.034759
0.025623,0.012725,0.050783,-0.04281
-0.083988,-0.052948,-0.099409,-0.069812
-0.056996,-0.059514,0.062076,-0.000735
-0.137351,-0.129232,-0.104993,-0.058729
-0.22436,-0.252143,-0.061512,-0.119771
-0.41713,-0.438041,-0.164569,-0.185326
-0.444889,-0.500242,0.018902,-0.05353
-0.277511,-0.350415,0.114521,0.174155
-0.193928,-0.308488,-0.053867,0.064321
-0.172409,-0.297672,-0.01111,-0.012058
-0.162524,-0.245459,0.001954,0.023897
-0.097892,-0.170985,0.036078,0.063089
0.114092,0.050877,0.169126,0.21283
0.135965,0.093152,-0.079192,0.036295
0.038873,0.004874,-0.063989,-0.122964
0.058626,0.080264,0.095284,0.047056
0.111356,0.140606,0.017672,0.073934
0.033189,0.040718,-0.096446,-0.095323
0.01948,0.03763,0.053345,-0.018183
-0.065712,-0.031138,-0.089941,-0.059938
-0.154362,-0.153327,-0.057164,-0.115508
-0.235424,-0.232156,-0.046923,-0.074523
-0.164828,-0.18768,0.071753,0.060743
-0.312369,-0.353216,-0.215285,-0.14684
-0.197661,-0.274586,0.178655,0.0667
-0.266333,-0.306866,-0.165157,-0.018237
-0.162205,-0.267568,0.111893,0.034317
-0.070771,-0.124864,0.033749,0.134952
-0.198169,-0.277858,-0.195898,-0.154727
-0.141681,-0.207312,0.142429,0.035145
-0.175619,-0.199912,-0.100471,0.014597
-0.156394,-0.232918,0.01132,-0.033264
-0.102941,-0.146496,0.045759,0.074746
-0.031171,-0.084006,0.017722,0.065853
-0.170943,-0.220514,-0.170032,-0.146819
-0.17365,-0.216803,0.07492,-0.020889
-0.053975,-0.071651,0.084526,0.153861
-0.049334,-0.102473,-0.085267,-0.015467
0.039089,-0.012073,0.113384,0.067435
-0.034978,-0.043803,-0.117114,-0.038836
-0.172965,-0.202395,-0.098151,-0.171837
-0.222879,-0.225943,0.017191,-0.034959
-0.25471,-0.274806,-0.059698,-0.027677
-0.201094,-0.260076,0.03852,0.025813
-0.117497,-0.176404,0.035943,0.08828
-0.108751,-0.179173,-0.049047,-0.003629
-0.153585,-0.216321,-0.041863,-0.056007
-0.088131,-0.132,0.079114,0.070735
-0.013129,-0.051974,0.016771,0.084933
-0.026776,-0.075041,-0.049773,-0.029427
0.04646,0.017511,0.098207,0.071888
-0.033579,-0.037711,-0.122264,-0.056586
0.023372,0.001801,0.104897,0.026368
-0.045652,-0.030248,-0.09945,-0.030129
-0.067726,-0.086493,0.005384,-0.05774
-0.136611,-0.131671,-0.056584,-0.047322
-0.332665,-0.351761,-0.186747,-0.212725
-0.367111,-0.403001,0.042877,-0.053968
-0.265414,-0.309163,0.054104,0.119576
-0.155426,-0.251396,0.008322,0.080385
-0.05789,-0.156196,0.047435,0.082004
-0.059998,-0.131665,-0.045798,0.004755
0.043205,-0.014169,0.110434,0.09407
-0.026273,-0.04867,-0.121059,-0.043156
0.024151,-0.009226,0.095947,0.019968
-0.036423,-0.026206,-0.084771,-0.020484
-0.119957,-0.138891,-0.061464,-0.114969
-0.262241,-0.263416,-0.099241,-0.131052
-0.222175,-0.244625,0.072844,0.028127
-0.24185,-0.278895,-0.084438,-0.01122
-0.190201,-0.268459,0.040206,0.01265
-0.412265,-0.472031,-0.260902,-0.20729
-0.291047,-0.382784,0.205848,0.073101
-0.345855,-0.403183,-0.174898,0.000837
-0.261785,-0.398609,0.074969,0.001646
-0.328429,-0.411303,-0.115498,-0.026825
-0.193258,-0.309474,0.128059,0.092774
-0.121146,-0.203827,-0.017084,0.101741
-0.295666,-0.398462,-0.222446,-0.20808
-0.133162,-0.212157,0.26239,0.147243
-0.225457,-0.263033,-0.230739,-0.031607
-0.160215,-0.271655,0.101374,-0.023883
-0.209058,-0.245363,-0.079612,0.012253
-0.245321,-0.32562,-0.052808,-0.079406
-0.435506,-0.496622,-0.178093,-0.183826
-0.487536,-0.568361,-0.001291,-0.07658
-0.535723,-0.623922,-0.091223,-0.039055
-0.524636,-0.666261,-0.031856,-0.030712
-0.562421,-0.711197,-0.091147,-0.046763
-0.68433,-0.854042,-0.159664,-0.150128
-0.809972,-0.988829,-0.123343,-0.149226
-0.803222,-0.996927,-0.020746,-0.009497
-0.731126,-0.955329,-0.03416,0.051574
-0.676131,-0.929949,-0.056725,0.019183
-0.596908,-0.848221,-0.001293,0.055791
-0.618751,-0.853507,-0.117666,-0.030894
-0.606816,-0.838238,-0.025656,-0.018332
-0.570878,-0.776226,-0.028019,0.038213
-0.632458,-0.843551,-0.144322,-0.083001
-0.630503,-0.840998,-0.013063,-0.026667
-0.746255,-0.939311,-0.185852,-0.111576
-0.777158,-1.000092,-0.045438,-0.077889
-0.75873,-0.971413,-0.046651,0.019929
-0.734332,-0.978864,-0.077501,-0.009686
-0.798332,-1.050138,-0.138688,-0.091662
-0.830471,-1.081924,-0.068821,-0.058537
-1.007175,-1.256225,-0.249604,-0.189072
-1.163749,-1.443804,-0.16237,-0.208443
-1.25975,-1.546145,-0.139063,-0.110645
-1.287146,-1.624778,-0.131027,-0.072336
-1.31629,-1.694037,-0.149129,-0.075436
-1.292112,-1.696654,-0.090583,-0.021884
-1.402575,-1.818654,-0.254224,-0.144531
-1.404286,-1.844253,-0.073012,-0.063619
-1.531162,-1.959933,-0.273509,-0.139722
-1.466856,-1.941976,-0.024561,-0.013334
-1.348765,-1.809218,-0.067538,0.110029
-1.349055,-1.845217,-0.206058,-0.063534
-1.394246,-1.878301,-0.143026,-0.095618
-1.428243,-1.882909,-0.143769,-0.053687
-1.545362,-2.009873,-0.252491,-0.160334
-1.450433,-1.929142,0.01057,0.039422
-1.482227,-1.952031,-0.244122,-0.042366
-1.370394,-1.885376,-0.01049,0.023916
-1.475229,-1.947502,-0.288099,-0.105184
-1.495271,-1.998216,-0.104783,-0.102556
-1.668974,-2.134879,-0.305358,-0.178773
-1.5898,-2.098622,-0.005454,0.000613
-1.523508,-2.019536,-0.146886,0.059462
-1.493543,-2.038643,-0.161533,-0.052082
-1.411442,-1.932815,-0.050625,0.045639
-1.223253,-1.726046,-6e-06,0.162652
-1.260358,-1.754602,-0.25481,-0.074076
-1.234352,-1.712892,-0.040556,-0.034425
-1.116832,-1.535626,-0.015772,0.127435
-1.02824,-1.458076,-0.102233,0.047449
-1.118501,-1.53208,-0.211202,-0.129474
-1.195752,-1.579443,-0.117313,-0.10786
-1.193904,-1.558056,-0.086752,-0.010454
-1.038739,-1.423774,0.018126,0.117021
-0.921356,-1.308727,-0.068189,0.091821
-1.032024,-1.416283,-0.244369,-0.153228
-0.937955,-1.294492,0.083276,0.058403
-1.008515,-1.323222,-0.234974,-0.048475
-0.953902,-1.314923,-0.004084,-0.026918
-1.032208,-1.343678,-0.188969,-0.061477
-0.870637,-1.215259,0.09219,0.100654
-0.866721,-1.178968,-0.169494,0.016988
-0.889855,-1.23223,-0.100552,-0.091976
-0.88466,-1.179955,-0.046491,0.006774
-0.831738,-1.128717,-0.056075,0.03204
-0.873298,-1.175002,-0.149085,-0.07106
-0.890346,-1.187858,-0.066627,-0.049585
-1.037296,-1.319715,-0.229093,-0.156094
-0.91447,-1.221364,0.097262,0.072519
-0.894737,-1.18506,-0.155293,0.03369
-0.955614,-1.295525,-0.1557,-0.13645
-0.989558,-1.293703,-0.065504,-0.043979
-1.001999,-1.306107,-0.113243,-0.028649
-0.854566,-1.181227,0.050314,0.105885
-0.904251,-1.220517,-0.213962,-0.05784
-0.842063,-1.175995,0.019881,-3.4e-05
-0.776004,-1.060106,-0.045316,0.085204
-0.81028,-1.114883,-0.157699,-0.076884
-0.931712,-1.220041,-0.155496,-0.150356
-1.016716,-1.288478,-0.112663,-0.099249
-0.92259,-1.209106,0.019043,0.069698
-0.803845,-1.108919,-0.03922,0.097554
-0.765805,-1.087479,-0.094273,-0.003996
-0.869225,-1.167631,-0.173057,-0.125786
-0.865405,-1.146075,-0.017546,-0.019558
-0.833726,-1.10178,-0.072358,0.029867
-0.770425,-1.063756,-0.042804,0.021835
-0.846573,-1.128186,-0.172888,-0.093243
-0.79916,-1.081556,0.014992,0.010771
-0.80939,-1.069312,-0.12308,-0.004641
-0.72688,-1.013909,0.006131,0.032828
-0.599642,-0.860797,0.020576,0.127594
-0.490409,-0.752121,-0.020162,0.085672
-0.503418,-0.742259,-0.09682,-0.030429
-0.545834,-0.753379,-0.065349,-0.055577
-0.492082,-0.673568,0.022357,0.05244
-0.461303,-0.63908,-0.059477,0.025034
-0.474829,-0.659329,-0.067537,-0.041037
-0.444335,-0.610082,0.003367,0.023349
-0.523595,-0.68039,-0.146747,-0.082383
-0.384898,-0.55397,0.136573,0.105107
-0.463892,-0.604787,-0.202015,-0.05259
-0.439184,-0.619608,0.032884,-0.040577
-0.422699,-0.550651,-0.030321,0.050986
-0.370092,-0.52774,-0.017992,0.019915
-0.36834,-0.513984,-0.047291,-0.005216
-0.34659,-0.485392,-0.010939,0.00946
-0.324354,-0.451413,-0.022466,0.019436
-0.222973,-0.348533,0.058058,0.089569
-0.062169,-0.173731,0.086367,0.163437
0.058154,-0.040967,0.035059,0.116743
0.050938,-0.018969,-0.04189,-0.009167
0.129721,0.098722,0.109271,0.083482
0.264045,0.271846,0.099075,0.164403
0.411442,0.423723,0.100896,0.14633
0.416443,0.463528,-0.010161,0.020365
0.394419,0.474737,0.037986,-0.013954
0.246094,0.365462,-0.094025,-0.117505
0.253909,0.367062,0.107029,0.003491
0.237985,0.361649,-0.013361,0.019676
0.284604,0.367595,0.068943,0.025077
0.265945,0.361496,-0.006673,0.002635
0.324752,0.408949,0.094121,0.053766
0.277078,0.376062,-0.046765,-0.023793
0.247094,0.333238,0.027439,-0.041754
0.283548,0.388391,0.078826,0.06125
0.13999,0.233471,-0.151095,-0.135635
0.206338,0.280193,0.17189,0.04355
0.074457,0.176178,-0.165321,-0.079434
0.057765,0.097357,0.05788,-0.071168
0.129565,0.202637,0.091262,0.11559
0.217676,0.252996,0.033047,0.077883
0.21605,0.247356,-0.007922,-0.007847
0.272063,0.323329,0.094417,0.06414
0.343528,0.415005,0.062816,0.095062
0.327822,0.398492,-0.018899,-0.014815
0.393209,0.48029,0.123993,0.07112
0.394647,0.508558,-0.000743,0.03538
0.272831,0.375667,-0.081223,-0.130792
0.315757,0.435336,0.150617,0.053716
0.404311,0.534303,0.069937,0.126991
0.45161,0.547724,0.033451,0.03183
0.447813,0.56418,0.041308,0.009871
0.391688,0.527462,-0.007073,-0.036146
0.454921,0.593585,0.13111,0.07196
0.463101,0.611999,0.008702,0.038163
0.543538,0.675126,0.125344,0.071709
0.561852,0.721072,0.036221,0.053768
0.736994,0.891924,0.222579,0.176704
0.552589,0.74214,-0.202485,-0.138165
0.645062,0.816926,0.271449,0.058712
0.562534,0.805765,-0.08312,0.014565
0.606678,0.778568,0.127973,-0.005903
0.479381,0.698901,-0.072703,-0.067672
0.384789,0.568131,0.008,-0.11253
0.464875,0.658372,0.168344,0.111104
0.484031,0.654259,-0.009629,0.039513
0.571846,0.710338,0.137977,0.068269
0.569426,0.741662,0.017757,0.039822
0.561828,0.723813,0.04989,-0.010743
0.46959,0.655639,-0.022722,-0.063211
0.387718,0.567878,0.008457,-0.075036
0.451775,0.629509,0.13805,0.083008
0.656842,0.820058,0.194601,0.225534
0.715862,0.867507,0.013865,0.069627
0.695203,0.859932,0.053039,-0.021218
0.750203,0.965267,0.150291,0.097712
0.488435,0.7166,-0.234549,-0.2285
0.492892,0.697354,0.212429,-0.023112
0.473556,0.720285,-0.001898,0.06529
0.391647,0.554027,-0.054187,-0.124184
0.509637,0.681082,0.229928,0.133095
0.421438,0.599252,-0.131141,-0.043141
0.443751,0.571548,0.124439,-0.022885
0.32547,0.503623,-0.078858,-0.056271
0.350121,0.48269,0.102607,-0.001827
0.336309,0.485673,0.006205,0.024539
0.370627,0.485565,0.063693,0.020386
0.228495,0.353028,-0.115847,-0.121984
0.139003,0.246681,0.013408,-0.103294
0.152415,0.268764,0.063162,0.042045
0.141155,0.220389,-0.030757,-0.014475
0.07858,0.134003,-0.033816,-0.07657
0.035172,0.0934,0.002935,-0.036274
-0.041999,0.004991,-0.063821,-0.073067
0.063164,0.08678,0.138036,0.092399
0.068634,0.094214,-0.057859,0.027806
-0.035612,-0.041169,-0.09205,-0.137689
-0.103561,-0.084599,0.004696,-0.057904
-0.066055,-0.050747,0.039801,0.048419
0.023569,0.011648,0.047392,0.080759
0.085812,0.066487,0.023408,0.057087
0.054684,0.044957,-0.043101,-0.03168
0.071143,0.075902,0.050272,0.016177
-0.053484,-0.030685,-0.132096,-0.1062
-0.0069,-0.00311,0.110486,0.022383
0.005101,0.029789,-0.026164,0.047083
-0.125114,-0.140067,-0.144357,-0.161988
-0.047956,-0.054317,0.158417,0.070493
-0.030461,-0.022084,-0.05776,0.054168
-0.034319,-0.074807,-0.017186,-0.049813
-0.041355,-0.050234,0.015805,0.009624
-0.029418,-0.039463,-0.001918,0.01386
-0.065325,-0.080865,-0.044868,-0.041476
-0.1101,-0.124913,-0.026364,-0.049515
0.101844,0.088506,0.221253,0.214132
0.081487,0.073655,-0.142543,0.003127
0.266681,0.233074,0.234293,0.134431
0.170432,0.217496,-0.159563,-0.023859
0.208981,0.220337,0.111779,-0.014879
0.058017,0.138026,-0.13868,-0.088801
-0.046159,-0.007176,-0.032924,-0.141309
-0.009012,0.04694,0.089765,0.062017
0.014433,0.039642,-0.031491,0.025264
0.086802,0.080795,0.069816,0.046646
0.238902,0.253302,0.131404,0.171038
0.284449,0.302404,-0.016691,0.051944
0.204263,0.234735,-0.05041,-0.088902
0.333459,0.402029,0.208731,0.148046
0.331183,0.421443,-0.064532,0.038342
0.358454,0.419773,0.074439,-0.007733
0.346287,0.45963,0.026507,0.032529
0.303605,0.407285,-0.01592,-0.043027
0.336298,0.445965,0.094091,0.040864
0.385431,0.502737,0.054371,0.072978
0.635723,0.739981,0.260126,0.248843
0.584036,0.716483,-0.119652,-0.012125
0.580609,0.707127,0.116053,-0.033975
0.519314,0.722091,0.008067,0.01109
0.447437,0.622926,-0.012353,-0.078763
0.519892,0.700971,0.163808,0.089548
0.37557,0.556949,-0.152631,-0.111775
0.397861,0.540436,0.149054,-0.01144
0.471894,0.651555,0.093298,0.135567
0.505288,0.638324,0.016302,0.018568
0.352334,0.494232,-0.093193,-0.1455
0.218745,0.371319,-0.007804,-0.125077
0.042944,0.194952,-0.103417,-0.151875
0.124173,0.228082,0.158413,0.064103
0.079357,0.168069,-0.100382,-0.017016
0.077238,0.106454,0.033514,-0.049391
0.105673,0.161469,0.049728,0.058398
0.113041,0.147115,-0.016597,0.0025
0.260277,0.288507,0.165853,0.140479
0.241115,0.291348,-0.075675,0.010303
0.337684,0.373952,0.146829,0.069021
0.161537,0.251342,-0.187046,-0.125551
0.174083,0.235165,0.127109,-0.025882
0.182002,0.286958,0.009369,0.06718
0.128776,0.181836,-0.063046,-0.082292
0.199775,0.259016,0.135732,0.072454
0.208067,0.279833,-0.027178,0.038769
0.149597,0.192885,-0.039707,-0.083417
0.165291,0.231223,0.079656,0.030387
0.017344,0.086196,-0.159169,-0.128996
-0.009067,0.028024,0.060354,-0.058175
-0.202789,-0.146634,-0.191162,-0.157643
-0.162175,-0.166232,0.11081,-0.006664
-0.252334,-0.24578,-0.142319,-0.054003
-0.217722,-0.278829,0.048174,-0.022455
-0.356173,-0.396639,-0.171804,-0.113731
-0.29408,-0.378484,0.094437,0.016742
-0.390567,-0.456064,-0.167503,-0.067433
-0.338869,-0.457361,0.061355,-0.005287
-0.324427,-0.41365,-0.043356,0.041996
-0.272305,-0.396521,0.000824,0.016107
-0.423801,-0.530944,-0.190774,-0.14978
-0.316603,-0.433112,0.154542,0.076145
-0.30627,-0.395452,-0.099767,0.047804
-0.235228,-0.375585,0.034606,0.011693
-0.252249,-0.348291,-0.0549,0.005737
-0.390756,-0.494662,-0.159395,-0.159964
-0.491308,-0.587288,-0.051717,-0.113856
-0.498103,-0.59383,-0.021289,-0.001869
-0.38972,-0.522157,0.040304,0.085756
-0.259828,-0.406564,0.033829,0.11653
-0.04341,-0.188608,0.133318,0.20179
-0.088017,-0.200004,-0.150061,-0.034453
-0.213488,-0.308962,-0.076819,-0.156081
-0.346828,-0.385743,-0.077495,-0.104335
-0.500578,-0.558176,-0.147323,-0.164337
-0.597758,-0.686661,-0.073377,-0.121536
-0.610417,-0.724552,-0.037541,-0.022647
-0.664552,-0.820746,-0.126907,-0.079986
-0.703783,-0.89156,-0.071303,-0.075718
-0.661633,-0.855002,-0.008725,0.030298
-0.418616,-0.630913,0.141871,0.223215
-0.355355,-0.566655,-0.109306,0.057163
-0.40713,-0.616169,-0.084481,-0.096006
-0.381551,-0.529682,0.038882,0.040787
-0.205387,-0.340079,0.101558,0.18184
-0.093471,-0.22992,-0.00631,0.102803
-0.103129,-0.222071,-0.050083,-0.026052
-0.080427,-0.154898,0.041194,0.029545
-0.073695,-0.119594,-0.020866,0.022878
-0.135685,-0.183819,-0.073404,-0.073864
-0.160179,-0.1969,0.00563,-0.027394
-0.070607,-0.101348,0.07593,0.09791
-0.051695,-0.093609,-0.047857,0.016528
-0.088153,-0.136352,-0.035283,-0.056203
-0.10277,-0.127068,0.007,-0.005109
-0.247166,-0.271184,-0.158901,-0.141899
-0.241606,-0.285103,0.062668,-0.020594
-0.187704,-0.220877,0.010184,0.078399
-0.191571,-0.266381,-0.066034,-0.033406
-0.21993,-0.291861,-0.022827,-0.040781
-0.142458,-0.202031,0.070015,0.082325
0.101321,0.038965,0.175679,0.245509
0.057378,0.001666,-0.161983,-0.039412
-0.008048,-0.055636,0.006717,-0.100709
0.077154,0.097146,0.127672,0.132567
0.063311,0.070499,-0.087871,-0.00797
0.131712,0.122464,0.103528,0.038964
0.14923,0.183025,-0.000542,0.056453
0.046557,0.064052,-0.103468,-0.1193
0.04726,0.079552,0.080279,0.000655
0.066895,0.112959,0.003784,0.048043
0.217153,0.230711,0.136399,0.129965
0.149601,0.181416,-0.118214,-0.046127
0.232345,0.254763,0.152681,0.055394
0.191743,0.264752,-0.063898,0.012638
0.152506,0.193002,-0.003753,-0.07113
0.121598,0.192668,0.019952,-0.005344
0.159887,0.219953,0.048292,0.041727
0.089079,0.140486,-0.078999,-0.067518
0.054741,0.095811,0.021907,-0.046867
0.002296,0.054991,-0.034388,-0.032073
0.16147,0.187559,0.175194,0.145739
0.158713,0.191905,-0.080272,0.022135
0.19092,0.199569,0.066749,-0.003511
0.11414,0.171832,-0.060558,-0.037303
0.125096,0.166638,0.054074,-0.004337
0.239922,0.297424,0.119738,0.138006
0.378857,0.425663,0.088259,0.143247
0.348642,0.402821,-0.050322,-0.028358
0.433657,0.513011,0.162247,0.087838
0.367868,0.490045,-0.076494,-0.017942
0.341736,0.44226,0.049266,-0.050356
0.382114,0.519362,0.09524,0.08052
0.391498,0.513211,0.003228,0.017224
0.306966,0.421153,-0.039063,-0.087425
0.091317,0.216995,-0.13129,-0.203168
0.106807,0.219509,0.131278,0.014081
0.070617,0.172114,-0.068882,-0.004798
0.205667,0.243585,0.155029,0.092804
0.192578,0.253613,-0.058176,0.022875
0.220084,0.253075,0.058924,-0.003108
0.262006,0.332857,0.062219,0.075057
0.199322,0.263681,-0.071515,-0.060605
0.142597,0.207587,0.0122,-0.063682
0.004451,0.086422,-0.098631,-0.114643
0.122715,0.175807,0.180518,0.102034
0.237288,0.294852,0.043651,0.148509
0.141966,0.161325,-0.131632,-0.125318
0.118228,0.161518,0.081302,-0.026658
0.14692,0.22112,0.034366,0.069727
0.227367,0.267411,0.060778,0.064491
0.290826,0.339535,0.056715,0.072704
0.121594,0.180399,-0.168411,-0.161864
0.102429,0.163197,0.101885,-0.033715
0.066316,0.154519,-0.03737,0.01085
0.095218,0.129749,0.035475,-0.003725
0.058095,0.101608,-0.032114,-0.022216
-0.044856,-0.016581,-0.080947,-0.113092
-0.03526,-0.009491,0.064333,0.007722
-0.195298,-0.173743,-0.18804,-0.144888
-0.257971,-0.280144,0.00672,-0.105376
-0.379813,-0.389258,-0.122789,-0.095675
-0.094657,-0.161947,0.290594,0.244923
-0.21032,-0.26681,-0.294971,-0.077644
-0.186718,-0.304762,0.098861,-0.070071
-0.211241,-0.237236,-0.039968,0.051264
-0.180476,-0.260321,-0.012801,-0.012494
-0.156627,-0.221283,0.010148,0.027235
-0.122469,-0.185394,0.001211,0.031298
0.056259,-0.004403,0.152008,0.1729
0.061797,0.021113,-0.085387,0.022503
0.124346,0.082333,0.089874,0.033387
0.093174,0.109434,-0.041236,0.010619
0.24189,0.248266,0.168827,0.131612
0.18698,0.22891,-0.109342,-0.01785
0.202665,0.227239,0.077334,-0.017521
0.151747,0.227222,-0.031494,-0.004826
0.281052,0.33254,0.156603,0.113169
0.162925,0.235072,-0.160431,-0.086234
0.176078,0.221885,0.107515,-0.024584
0.300884,0.39306,0.132654,0.179122
0.370814,0.430669,0.006128,0.062004
0.355437,0.421848,0.014743,-0.02124
0.119408,0.221973,-0.1781,-0.211764
0.127705,0.224408,0.146544,-0.002006
-0.053524,0.055501,-0.20599,-0.133278
-0.104793,-0.074407,0.032447,-0.113661
-0.224507,-0.173754,-0.103519,-0.080671
-0.18997,-0.204592,0.048936,-0.00501
-0.223261,-0.245305,-0.074208,-0.022191
-0.165252,-0.226291,0.049907,0.025093
-0.073572,-0.123587,0.047786,0.10411
-0.202304,-0.264126,-0.189329,-0.140703
-0.291165,-0.353275,-0.012839,-0.116525
-0.419212,-0.45328,-0.120894,-0.099738
-0.355926,-0.438555,0.065886,0.027646
-0.412622,-0.500778,-0.135645,-0.047581
-0.457619,-0.588215,-0.052503,-0.092973
-0.401692,-0.515511,0.042812,0.062858
-0.404994,-0.535662,-0.094917,-0.012395
-0.450085,-0.599945,-0.07088,-0.079629
-0.299916,-0.431781,0.13971,0.149651
-0.161669,-0.288623,0.006977,0.14845
-0.173094,-0.313724,-0.086068,-0.045248
-0.251556,-0.350581,-0.052804,-0.079638
-0.436148,-0.506469,-0.171408,-0.174654
-0.422418,-0.509065,0.060033,-0.009468
-0.582012,-0.670151,-0.233096,-0.143641
-0.727941,-0.878137,-0.119446,-0.211125
-0.766682,-0.907902,-0.031658,-0.032041
-0.766766,-0.95592,-0.094156,-0.025545
-0.763521,-0.995127,-0.072541,-0.039428
-0.707402,-0.945099,-0.014298,0.036092
-0.853486,-1.097057,-0.251058,-0.164037
-0.809496,-1.071462,0.054069,-0.007615
-0.789587,-1.0232,-0.099361,0.042549
-0.740495,-1.024342,-0.05162,-0.011757
-0.835326,-1.096886,-0.171885,-0.103591
-0.800267,-1.067488,0.006232,-0.000984
-0.796128,-1.047487,-0.103677,0.007074
-0.728624,-1.008496,-0.0171,0.020613
-0.621769,-0.882154,0.009804,0.10057
-0.61961,-0.877167,-0.11758,-0.017963
-0.560961,-0.807708,0.018227,0.028618
-0.414222,-0.624133,0.062513,0.156563
-0.426547,-0.633197,-0.137907,-0.027031
-0.414005,-0.608003,0.008049,-0.019622
-0.414679,-0.560156,-0.04388,0.021172
-0.342391,-0.498529,0.020295,0.048848
-0.291564,-0.431922,-0.014818,0.050669
-0.231227,-0.367263,0.009647,0.045741
-0.28651,-0.401077,-0.100337,-0.055053
-0.233253,-0.340449,0.064257,0.036394
-0.254763,-0.336862,-0.079994,-0.002362
-0.055699,-0.158186,0.185727,0.1673
0.032832,-0.032933,-0.023017,0.12189
0.025722,-0.053294,-0.037297,-0.04287
-0.241886,-0.266322,-0.228072,-0.249129
-0.3197,-0.340343,0.040422,-0.093649
-0.3943,-0.408145,-0.099324,-0.043698
-0.518264,-0.603706,-0.147163,-0.173094
-0.568584,-0.669194,-0.022998,-0.066938
-0.608177,-0.729229,-0.092661,-0.044037
-0.571376,-0.738212,-0.012494,-0.002002
-0.586386,-0.759875,-0.089868,-0.024268
-0.468185,-0.661459,0.069773,0.086132
-0.50629,-0.684443,-0.148333,-0.032528
-0.463162,-0.659107,0.026749,-0.002849
-0.444328,-0.600117,-0.043898,0.039257
-0.357181,-0.530136,0.024019,0.05746
-0.296056,-0.448655,-0.00956,0.061939
-0.105163,-0.25028,0.134962,0.176711
-0.052235,-0.16416,-0.053413,0.068176
-0.018443,-0.119865,0.023306,0.008412
-0.029188,-0.073322,-0.011916,0.01564
-0.14917,-0.183382,-0.123367,-0.122998
-0.193214,-0.221437,0.014401,-0.053599
-0.166932,-0.186437,0.014379,0.043203
-0.183034,-0.232962,-0.063211,-0.033061
-0.147807,-0.20663,0.038629,0.019185
-0.073156,-0.120251,0.038662,0.085394
0.092496,0.036779,0.114572,0.155998
0.018708,-0.018111,-0.142978,-0.064384
0.136184,0.106024,0.186203,0.09186
-0.005528,0.02347,-0.198538,-0.083515
-0.179846,-0.194182,-0.095408,-0.23098
-0.271177,-0.244289,-0.004084,-0.05823
-0.211873,-0.224076,0.034558,0.053421
-0.300348,-0.352736,-0.153159,-0.105618
-0.202835,-0.280646,0.132753,0.063192
-0.053587,-0.107757,0.064859,0.182373
0.04468,-0.041756,0.005951,0.068004
-0.096052,-0.151905,-0.152319,-0.140874
-0.128535,-0.158785,0.051761,-0.039099
-0.359526,-0.363519,-0.246816,-0.199247
-0.367782,-0.425004,0.072465,-0.061575
-0.48337,-0.524701,-0.165303,-0.078779
-0.430995,-0.549433,0.047585,-0.011331
-0.503511,-0.610085,-0.140122,-0.054815
-0.474524,-0.627124,0.012069,-0.020742
-0.576674,-0.712569,-0.160754,-0.091233
-0.529964,-0.699526,0.040304,0.00251
-0.43719,-0.590804,0.010251,0.106528
-0.203554,-0.385002,0.131037,0.202107
-0.235529,-0.391502,-0.160223,-0.026443
-0.202986,-0.349144,0.060292,-0.006024
-0.162777,-0.241097,0.009115,0.082918
-0.098658,-0.191223,0.009616,0.043796
-0.142949,-0.215083,-0.070804,-0.043241
-0.256977,-0.316962,-0.095398,-0.122074
-0.216417,-0.266286,0.076151,0.039735
-0.223601,-0.275383,-0.073422,0.004692
-0.319226,-0.403925,-0.111463,-0.131414
-0.311825,-0.384234,0.04288,0.004251
-0.320306,-0.394013,-0.065948,0.000561
-0.225821,-0.332712,0.064403,0.060967
-0.235808,-0.326295,-0.077107,0.001075
-0.161022,-0.264486,0.063498,0.046062
-0.187946,-0.260219,-0.077217,-0.007191
-0.267678,-0.351718,-0.081553,-0.106081
-0.363624,-0.42814,-0.069387,-0.092528
-0.389835,-0.463843,-0.026573,-0.033486
-0.317896,-0.411309,0.033845,0.061283
-0.180837,-0.29034,0.060318,0.126512
0.017904,-0.093529,0.114359,0.188926
0.061821,-0.025428,-0.044943,0.048191
0.079898,0.019259,0.030142,0.005882
0.104145,0.097736,0.034611,0.052572
-0.055373,-0.051134,-0.170791,-0.155439
-0.239471,-0.236081,-0.089105,-0.202777
-0.197103,-0.181942,0.104671,0.060223
-0.114195,-0.133719,-0.002525,0.086717
-0.093189,-0.156637,-0.030316,-0.014249
-0.108096,-0.155251,-0.010492,-0.015246
-0.055237,-0.091411,0.04839,0.056333
-0.073926,-0.107249,-0.058731,-0.01532
0.046875,0.008154,0.132709,0.104492
0.096658,0.085605,-0.012964,0.077707
0.0524,0.028996,-0.054453,-0.067554
-0.003135,0.006161,-0.003418,-0.04509
-0.249934,-0.229366,-0.229464,-0.234556
-0.19323,-0.201686,0.16314,0.025198
-0.391518,-0.389225,-0.281072,-0.153602
-0.354819,-0.443249,0.101597,-0.049858
-0.349329,-0.398136,-0.050559,0.057311
-0.26087,-0.379823,0.024156,0.033972
-0.371311,-0.47434,-0.161332,-0.10595
-0.459152,-0.573628,-0.056919,-0.119648
-0.607633,-0.705274,-0.151856,-0.137472
-0.630466,-0.767293,-0.022438,-0.05749
-0.697267,-0.848386,-0.130325,-0.071055
-0.627874,-0.823577,0.028483,0.025058
-0.471727,-0.666053,0.053791,0.155916
-0.345424,-0.55735,-0.008329,0.101036
-0.368034,-0.562917,-0.096354,-0.040981
-0.33589,-0.496718,0.031496,0.023109
-0.279183,-0.406843,0.000179,0.071478
-0.215624,-0.347793,0.001504,0.045879
-0.31115,-0.423861,-0.136373,-0.098321
-0.404907,-0.508979,-0.060833,-0.112005
-0.406426,-0.4945,0.001104,0.006861
-0.525575,-0.635833,-0.181575,-0.131064
-0.608963,-0.748871,-0.062789,-0.123782
-0.69303,-0.827437,-0.106991,-0.079105
-0.575595,-0.753005,0.072793,0.082038
-0.490576,-0.677464,-0.044331,0.082388
-0.529911,-0.741794,-0.124049,-0.080998
-0.618982,-0.807111,-0.092438,-0.10294
-0.577003,-0.751562,0.021732,0.037211
-0.555366,-0.738627,-0.07757,0.013573
-0.573227,-0.776974,-0.078152,-0.054031
-0.639821,-0.828752,-0.100481,-0.076284
-0.633092,-0.824622,-0.025624,-0.011876
-0.672801,-0.867636,-0.11511,-0.049898
-0.574631,-0.789309,0.053961,0.063409
-0.695058,-0.896379,-0.233354,-0.116178
-0.569207,-0.799483,0.134646,0.066795
-0.499967,-0.684377,-0.062575,0.108233
-0.423483,-0.651684,-0.015876,0.0173
-0.448591,-0.632674,-0.07495,-0.019235
-0.456584,-0.628632,-0.037574,-0.023985
-0.377755,-0.532754,0.039122,0.076363
-0.356519,-0.507746,-0.066259,0.016264
-0.200647,-0.354178,0.121958,0.130477
-0.093523,-0.210791,0.007221,0.128435
-0.127394,-0.244099,-0.09005,-0.057856
-0.088894,-0.165774,0.075335,0.038319
-0.167896,-0.209562,-0.119819,-0.052358
-0.031315,-0.093193,0.163518,0.103975
0.044639,0.019555,-0.005033,0.115773
0.172643,0.121376,0.0933,0.093862
0.302842,0.300079,0.104317,0.157518
0.194466,0.213021,-0.145676,-0.100002
0.098941,0.136463,0.011913,-0.109079
-0.01954,0.060995,-0.065136,-0.076493
-0.088906,-0.045736,-0.034666,-0.086929
-0.123073,-0.094821,-0.010592,-0.032898
-0.006524,-0.005034,0.108325,0.109278
0.055728,0.044061,-0.009815,0.066564
0.092657,0.067427,0.023514,0.016057
0.15377,0.159052,0.067338,0.076683
0.207513,0.225506,0.031794,0.063493
0.224212,0.251548,0.016651,0.017941
0.228849,0.276811,0.028406,0.014971
0.067071,0.129612,-0.14124,-0.149709
0.032227,0.088659,0.064871,-0.047381
-0.12135,-0.052628,-0.151572,-0.120641
-0.21932,-0.206927,-0.04001,-0.139301
-0.21712,-0.205234,0.029275,0.016996
-0.267522,-0.297219,-0.102739,-0.062336
-0.264999,-0.329431,0.01093,-0.029245
-0.223889,-0.282312,0.012112,0.050698
-0.237665,-0.318078,-0.068719,-0.03008
-0.220178,-0.304547,0.01514,0.000777
-0.285943,-0.356264,-0.098011,-0.057676
-0.232614,-0.318498,0.060026,0.029062
-0.321916,-0.392866,-0.146031,-0.073711
-0.15745,-0.257718,0.183537,0.124218
-0.281161,-0.346671,-0.23502,-0.083738
-0.375128,-0.488761,-0.042309,-0.164592
-0.425503,-0.486129,-0.025233,-0.012088
-0.465437,-0.567183,-0.094458,-0.062851
-0.70242,-0.829509,-0.256161,-0.263983
-0.62821,-0.774796,0.138411,0.041659
-0.695864,-0.842298,-0.209592,-0.040062
-0.692329,-0.921909,-0.030232,-0.08424
-0.787048,-0.981133,-0.145908,-0.077579
-0.766049,-0.997985,-0.023942,-0.024547
-0.736375,-0.966018,-0.059237,0.023772
-0.714745,-0.968252,-0.072993,-0.013707
-0.791652,-1.041117,-0.146798,-0.098104
-0.827607,-1.07675,-0.067154,-0.063366
-0.857911,-1.103027,-0.101457,-0.0406
-0.981266,-1.249159,-0.200633,-0.158307
-0.866587,-1.148142,0.090812,0.077401
-1.024486,-1.299407,-0.327912,-0.1502
-1.010298,-1.343719,0.012324,-0.078388
-1.07929,-1.362694,-0.175793,-0.03733
-1.007244,-1.353227,-0.021379,-0.001241
-1.040009,-1.36939,-0.160098,-0.038734
-1.026351,-1.380616,-0.071394,-0.040456
-0.888894,-1.224486,0.035977,0.12561
-0.757788,-1.096012,-0.04233,0.109784
-0.68374,-1.017995,-0.050903,0.036673
-0.777946,-1.071195,-0.175618,-0.105072
-0.72509,-0.997027,0.038795,0.026509
-0.83006,-1.071943,-0.218626,-0.09238
-0.781609,-1.057784,0.025556,-0.013976
-0.972525,-1.213659,-0.29421,-0.172519
-0.93458,-1.225264,0.0417,-0.036797
-1.080989,-1.34054,-0.269019,-0.121228
-1.057148,-1.387333,-0.015632,-0.062501
-1.089751,-1.394436,-0.14709,-0.021642
-1.075683,-1.430472,-0.092245,-0.049492
-1.052965,-1.399815,-0.078264,0.002349
-0.930847,-1.286884,-0.000107,0.089121
-0.939186,-1.289766,-0.163041,-0.029965
-0.808026,-1.158869,0.062807,0.084309
-0.81407,-1.120687,-0.154242,0.006685
-0.91745,-1.2397,-0.172158,-0.160012
-0.914957,-1.200356,-0.010982,-0.006915
-0.980213,-1.26186,-0.183894,-0.071342
-0.962896,-1.280088,-0.043828,-0.04074
-0.714837,-1.014946,0.146509,0.243993
-0.706526,-1.013741,-0.214424,-0.005499
-0.518557,-0.835969,0.157458,0.119182
-0.594675,-0.822926,-0.216396,-0.024492
-0.665116,-0.921763,-0.082533,-0.142122
-0.779326,-0.973232,-0.121567,-0.090143
-0.748646,-0.966862,-0.014027,-0.000229
-0.640833,-0.868234,0.008144,0.095702
-0.607681,-0.852516,-0.091093,0.00581
-0.485861,-0.726546,0.065894,0.092226
-0.540489,-0.74611,-0.164114,-0.044016
-0.501858,-0.715842,0.028001,-0.006263
-0.590825,-0.759389,-0.15524,-0.065769
-0.529506,-0.724379,0.044538,0.016282
-0.428772,-0.597683,0.014507,0.116708
-0.423504,-0.613047,-0.099354,-0.02432
-0.581122,-0.756594,-0.174198,-0.178689
-0.595591,-0.752373,0.021066,-0.025437
-0.629466,-0.783206,-0.112972,-0.025313
-0.738232,-0.936653,-0.160496,-0.156872
-0.743089,-0.941294,-0.005659,-0.024159
-0.801639,-1.007208,-0.151995,-0.062751
-0.720298,-0.967525,0.030773,0.02956
-0.81125,-1.045072,-0.205725,-0.087492
-0.747177,-1.014692,0.038308,0.00472
-0.81217,-1.047293,-0.174053,-0.047447
-0.924767,-1.199527,-0.162311,-0.173088
-0.9014,-1.158963,0.006192,0.011989
-0.878351,-1.147854,-0.108201,0.01232
-1.001752,-1.307042,-0.220954,-0.175883
-0.929938,-1.230496,0.06069,0.03898
-0.934654,-1.222374,-0.160509,0.003938
-1.030698,-1.365913,-0.184734,-0.166631
-1.20204,-1.513521,-0.196852,-0.188669
-1.175217,-1.500203,-0.018581,-0.004616
-1.22607,-1.572579,-0.208401,-0.070689
-1.3248,-1.71994,-0.188671,-0.170408
-1.334509,-1.722025,-0.07613,-0.035292
-1.352463,-1.758559,-0.169045,-0.048091
-1.305243,-1.74532,-0.076531,-0.012958
-1.137951,-1.571252,0.018124,0.142264
-1.112619,-1.548191,-0.181893,-0.005874
-0.996059,-1.429074,0.02315,0.059445
-0.986849,-1.363538,-0.142054,0.018873
-1.01299,-1.396664,-0.124507,-0.079544
-1.054237,-1.400796,-0.108307,-0.053547
-1.201057,-1.543836,-0.239423,-0.172421
-1.216722,-1.574584,-0.053316,-0.063179
-1.297699,-1.652724,-0.209855,-0.090211
-1.329386,-1.733078,-0.124696,-0.10034
-1.422177,-1.82307,-0.203071,-0.115832
-1.479718,-1.91247,-0.158113,-0.113594
-1.464834,-1.908793,-0.1041,-0.021306
-1.499295,-1.966367,-0.200101,-0.077952
-1.634042,-2.123283,-0.257043,-0.19437
-1.609555,-2.101974,-0.057476,-0.021944
-1.510686,-2.00944,-0.097443,0.074298
-1.366153,-1.901373,-0.062779,0.078542
-1.273136,-1.791129,-0.096077,0.057181
-1.409011,-1.905057,-0.294183,-0.174661
-1.286774,-1.762957,0.08068,0.071234
-1.367195,-1.799756,-0.295456,-0.063157
-1.451752,-1.937876,-0.170272,-0.185501
-1.388115,-1.825688,-0.012919,0.060916
-1.493094,-1.949848,-0.313963,-0.136746
-1.423877,-1.918165,-0.001177,-0.017105
-1.380411,-1.833467,-0.137085,0.053111
-1.288853,-1.785238,-0.08025,0.016647
-1.214777,-1.683025,-0.077024,0.05017
-1.192711,-1.648427,-0.133751,-0.013005
-1.095593,-1.533792,-0.016875,0.06038
-1.097214,-1.505486,-0.159604,-0.014174
-1.058256,-1.466633,-0.057089,-0.010991
-1.084827,-1.457147,-0.142885,-0.033879
-1.02046,-1.398015,-0.029826,0.02132
-0.999477,-1.356555,-0.112037,0.009444
-1.032746,-1.39716,-0.139671,-0.076366
-0.992162,-1.339426,-0.029434,0.015678
-1.088156,-1.424721,-0.225376,-0.109781
-1.028704,-1.385479,0.011744,0.002233
-1.11041,-1.43964,-0.22117,-0.074877
-1.043483,-1.413514,-0.000385,-0.003925
-1.144048,-1.482799,-0.235588,-0.094683
-0.999759,-1.376101,0.083833,0.074247
-0.975876,-1.315975,-0.155336,0.040478
-1.078612,-1.456946,-0.208581,-0.175928
-0.963966,-1.306,0.095415,0.096735
-1.063934,-1.388373,-0.288767,-0.091311
-1.047759,-1.421487,-0.020291,-0.073717
-0.938151,-1.257311,0.007158,0.132432
-0.804707,-1.155448,-0.045697,0.091309
-0.753035,-1.094394,-0.071647,0.018761
-0.724108,-1.03132,-0.051133,0.012674
-0.645753,-0.924434,-0.003237,0.067292
-0.5355,-0.795786,0.005021,0.098726
-0.60495,-0.848495,-0.1726,-0.084821
-0.66609,-0.893942,-0.060114,-0.091695
-0.804737,-0.999583,-0.175113,-0.129377
-0.723626,-0.946947,0.061267,0.040933
-0.704277,-0.923548,-0.110792,0.025773
-0.644646,-0.904399,-0.018588,0.003041
-0.720942,-0.951616,-0.153883,-0.075373
-0.763795,-1.003867,-0.07142,-0.080051
-0.733335,-0.958217,-0.023102,0.02686
-0.664435,-0.905725,-0.035999,0.046149
-0.655354,-0.903735,-0.086791,-0.017311
-0.651688,-0.891499,-0.051801,-0.018707
-0.557906,-0.782267,0.029807,0.084351
-0.43951,-0.657871,0.007039,0.108858
-0.52705,-0.739277,-0.183541,-0.107735
-0.464957,-0.659903,0.084818,0.034058
-0.393358,-0.546355,-0.020828,0.101997
-0.430826,-0.612063,-0.123102,-0.076905
-0.32468,-0.483834,0.114378,0.091723
-0.330833,-0.458432,-0.109126,0.018189
-0.438859,-0.591258,-0.130226,-0.154405
-0.495791,-0.614758,-0.020456,-0.053697
-0.306282,-0.42757,0.144902,0.190397
-0.185552,-0.323674,-0.030381,0.116083
-0.257164,-0.405029,-0.126801,-0.108377
-0.303177,-0.406645,0.001584,-0.045752
-0.442598,-0.520888,-0.161675,-0.122268
-0.496432,-0.605717,-0.031139,-0.090252
-0.596646,-0.702365,-0.128701,-0.092882
-0.561689,-0.711093,0.014483,-0.00358
-0.550894,-0.706341,-0.070446,0.009898
-0.596151,-0.783293,-0.108158,-0.082819
-0.600847,-0.783855,-0.025289,-0.021404
-0.540601,-0.722294,-0.006885,0.053993
-0.554352,-0.749861,-0.105543,-0.035089
-0.581067,-0.778958,-0.059028,-0.054399
-0.709011,-0.890813,-0.168442,-0.131634
-0.790248,-0.988652,-0.087007,-0.113995
-0.767702,-0.969847,-0.022623,0.013988
-0.834698,-1.066533,-0.17521,-0.09223
-0.810989,-1.070566,-0.011993,-0.023838
-0.648433,-0.894578,0.065773,0.163843
-0.506922,-0.771265,-0.023628,0.116775
-0.512539,-0.768824,-0.103519,-0.035912
-0.567541,-0.784129,-0.073699,-0.065899
-0.687391,-0.874922,-0.147723,-0.120509
-0.609203,-0.804686,0.067094,0.052541
-0.941247,-1.131712,-0.451896,-0.325189
-0.884634,-1.133943,0.160601,-0.036219
-1.056896,-1.254312,-0.32089,-0.104915
-1.060354,-1.38119,-0.039226,-0.127619
-1.01426,-1.296409,-0.038021,0.06822
-0.897022,-1.232286,-0.041933,0.066405
-0.762185,-1.101337,0.003142,0.102435
-0.674507,-0.993336,-0.046347,0.070951
-0.626767,-0.924003,-0.04865,0.024106
-0.808598,-1.070169,-0.253166,-0.191182
-0.76987,-1.0219,0.069802,0.002703
-0.789741,-1.011653,-0.141558,0.006139
-0.745329,-1.022149,-0.0325,-0.023041
-0.82611,-1.07515,-0.159695,-0.079758
-0.720602,-0.986625,0.064289,0.064014
-0.77775,-1.023621,-0.192067,-0.048415
-0.842417,-1.121072,-0.102457,-0.127358
-0.800083,-1.045696,0.006332,0.045475
-0.768715,-1.029089,-0.097403,0.013557
-0.660736,-0.940626,0.024866,0.065141
-0.640699,-0.894772,-0.093774,0.019709
-0.606191,-0.862918,-0.030904,-0.001394
-0.484089,-0.708815,0.055572,0.121707
-0.524598,-0.737783,-0.16066,-0.047571
-0.408848,-0.621001,0.109211,0.076182
-0.348923,-0.509484,-0.044018,0.092879
-0.271189,-0.45151,0.009931,0.036912
-0.260419,-0.397647,-0.032744,0.020708
-0.334452,-0.45721,-0.103307,-0.083791
-0.159453,-0.267799,0.190988,0.16537
-0.249071,-0.332702,-0.218704,-0.059513
-0.339989,-0.460935,-0.045581,-0.157443
-0.360584,-0.422295,0.009283,0.017877
-0.474822,-0.56764,-0.178222,-0.129064
-0.42686,-0.550261,0.073632,0.008099
-0.524208,-0.63222,-0.177988,-0.074696
-0.584923,-0.745082,-0.063575,-0.11978
-0.671251,-0.812319,-0.104342,-0.077147
-0.656139,-0.832766,-0.02654,-0.016987
-0.595166,-0.785592,-0.017712,0.047465
-0.74772,-0.956985,-0.247344,-0.177924
-0.714567,-0.936789,0.062065,-0.011906
-0.669411,-0.865284,-0.062631,0.070795
-0.534838,-0.781929,0.029658,0.079017
-0.569515,-0.791867,-0.137441,-0.036019
-0.536149,-0.757626,0.009774,-0.002176
-0.529033,-0.713825,-0.06124,0.020767
-0.350937,-0.54886,0.11549,0.148105
-0.395863,-0.567203,-0.170929,-0.033569
-0.457415,-0.637952,-0.053842,-0.109904
-0.447407,-0.576796,0.009527,0.03283
-0.450567,-0.593831,-0.080501,-0.014987
-0.51746,-0.675248,-0.101611,-0.095302
-0.671599,-0.821356,-0.161228,-0.164515
-0.735227,-0.897855,-0.055215,-0.086103
-0.690957,-0.869625,-0.014585,0.035006
-0.539648,-0.754103,0.043142,0.122375
-0.43134,-0.653448,-0.019579,0.089993
-0.231858,-0.444784,0.119483,0.176601
-0.216002,-0.383901,-0.100649,0.030323
-0.187975,-0.340895,0.022807,-0.002708
-0.055687,-0.147002,0.112534,0.161314
0.01466,-0.065751,-0.021735,0.074178
-0.122542,-0.191622,-0.150103,-0.153946
-0.067412,-0.102092,0.141,0.054898
-0.076707,-0.083085,-0.07415,0.030454
-0.022428,-0.072702,0.048295,0.009929
-0.206468,-0.221884,-0.198369,-0.15921
-0.154367,-0.192076,0.131973,0.017262
-0.071653,-0.0818,0.020721,0.126574
0.072003,0.010944,0.076781,0.104758
0.020473,-0.013021,-0.093672,-0.039621
0.095317,0.071806,0.121274,0.059708
-0.079342,-0.060984,-0.210071,-0.135438
-0.013916,-0.028172,0.156611,0.019392
-0.067909,-0.037321,-0.101701,0.003884
0.041177,0.011027,0.118047,0.055868
0.03177,0.038572,-0.05095,0.027472
-0.071447,-0.089327,-0.096816,-0.132417
-0.102697,-0.098788,0.035741,-0.024878
-0.242297,-0.237362,-0.156473,-0.124606
-0.312516,-0.348635,-0.022993,-0.107194
-0.403308,-0.436348,-0.091321,-0.076763
-0.449352,-0.529144,-0.057438,-0.077
-0.320269,-0.418199,0.106629,0.118359
-0.223281,-0.33617,-0.020686,0.09636
-0.040863,-0.173242,0.123504,0.148494
-0.196776,-0.284316,-0.238572,-0.133545
-0.254045,-0.344168,0.031969,-0.101348
-0.237446,-0.270157,0.015871,0.066001
-0.289042,-0.36544,-0.118733,-0.0781
-0.428087,-0.515219,-0.118856,-0.163393
-0.601201,-0.682613,-0.141233,-0.175137
-0.475866,-0.586206,0.137448,0.105152
-0.514548,-0.644821,-0.183865,-0.030645
-0.477602,-0.665297,0.022026,-0.034536
-0.621443,-0.764799,-0.19608,-0.11696
-0.530676,-0.711438,0.096694,0.039874
-0.610682,-0.767373,-0.19046,-0.054471
-0.688135,-0.896245,-0.09463,-0.144415
-0.870246,-1.04942,-0.194779,-0.173884
-0.644699,-0.860357,0.215562,0.185204
-0.556643,-0.770544,-0.125793,0.109618
-0.54851,-0.818841,-0.075367,-0.074597
-0.594521,-0.799484,-0.060841,-0.031675
-0.425952,-0.622787,0.117925,0.156744
-0.339936,-0.526275,-0.056923,0.089845
-0.372095,-0.564888,-0.091159,-0.071039
-0.356568,-0.503585,0.024683,0.018366
-0.409038,-0.534283,-0.110432,-0.043111
-0.45382,-0.594349,-0.05569,-0.076197
-0.427973,-0.553183,0.008556,0.027983
-0.411611,-0.548085,-0.055953,0.006326
-0.367525,-0.516864,0.000582,0.019337
-0.449643,-0.585392,-0.136051,-0.083019
-0.481737,-0.625513,-0.026381,-0.060426
-0.645883,-0.774784,-0.199461,-0.157078
-0.557932,-0.721456,0.105025,0.045
-0.554813,-0.708104,-0.117998,0.024664
-0.397171,-0.604203,0.099818,0.095163
-0.491406,-0.658139,-0.202001,-0.07194
-0.508446,-0.697171,-0.002963,-0.072046
-0.446995,-0.58854,0.025333,0.089523
-0.280703,-0.447182,0.063729,0.143526
-0.431095,-0.590356,-0.253142,-0.159823
-0.496991,-0.652366,0.00555,-0.107947
-0.543779,-0.651788,-0.072394,-0.008947
-0.59437,-0.752476,-0.109475,-0.0918
-0.75455,-0.921282,-0.179743,-0.180244
-0.565215,-0.748676,0.196434,0.162718
-0.496886,-0.679852,-0.121773,0.088913
-0.477306,-0.714379,-0.049887,-0.056609
-0.522787,-0.700564,-0.06543,-0.029249
-0.562278,-0.737303,-0.080753,-0.054688
-0.501009,-0.675958,0.026997,0.045504
-0.485754,-0.658005,-0.075624,0.011796
-0.369642,-0.555417,0.066668,0.083903
-0.351772,-0.509912,-0.074763,0.028309
-0.209902,-0.373038,0.10683,0.110641
-0.124767,-0.244437,-0.003568,0.108708
0.056132,-0.062287,0.13026,0.157821
0.026632,-0.03998,-0.102626,-0.003836
0.104293,0.050258,0.116706,0.053806
0.138836,0.14628,0.007517,0.08104
0.269479,0.266196,0.119131,0.113441
0.214154,0.248883,-0.084313,-0.027825
0.240558,0.278081,0.091197,0.010115
0.120997,0.201715,-0.10964,-0.077664
0.273511,0.32777,0.22268,0.127359
0.227428,0.313659,-0.112169,0.006164
0.237348,0.277836,0.064674,-0.039294
0.046374,0.139657,-0.155531,-0.143241
-0.032524,0.027042,0.014903,-0.107319
-0.000646,0.067433,0.058998,0.060615
-0.077717,-0.054419,-0.123666,-0.08903
0.004719,0.00027,0.133189,0.053797
0.018903,0.036186,-0.039342,0.049895
0.101003,0.080061,0.07329,0.046594
0.01553,0.026835,-0.10296,-0.060997
1e-06,0.001127,0.036005,-0.036651
0.113705,0.139663,0.119239,0.140697
0.115892,0.126136,-0.067428,0.003146
0.100795,0.103518,0.019076,-0.037208
0.003732,0.042671,-0.070114,-0.069926
-0.077603,-0.052899,-0.039486,-0.092823
-0.170407,-0.147446,-0.061713,-0.08673
-0.049943,-0.052631,0.139089,0.109383
0.071882,0.060182,0.035104,0.136244
0.127245,0.09035,0.005595,0.029207
0.252742,0.248136,0.138105,0.134168
0.189506,0.21821,-0.107957,-0.036293
0.202331,0.229307,0.083389,-0.010418
0.08041,0.15586,-0.107173,-0.076421
0.143349,0.188633,0.125669,0.0366
0.141385,0.20874,-0.028634,0.036018
0.259171,0.289845,0.127163,0.089478
0.168957,0.22887,-0.117111,-0.058966
0.180131,0.223668,0.086169,-0.015788
0.032242,0.114187,-0.137284,-0.10443
0.127381,0.169505,0.167699,0.061824
0.340303,0.406072,0.163288,0.258433
0.439911,0.472314,0.006028,0.08448
0.508618,0.565677,0.104628,0.065539
0.467651,0.584395,-0.013151,0.001566
0.471547,0.597843,0.073215,0.006306
0.492064,0.647239,0.06596,0.054081
0.49083,0.640914,0.027224,0.008079
0.578644,0.733058,0.144707,0.098716
0.62908,0.799317,0.056156,0.081846
0.548933,0.714889,-0.038707,-0.078045
0.460891,0.646837,0.027916,-0.072635
0.444144,0.64174,0.063224,0.013054
0.461122,0.637315,0.049719,0.027294
0.593045,0.752958,0.167584,0.137535
0.598824,0.765265,-0.007904,0.032607
0.599201,0.758821,0.072801,-0.007233
0.656978,0.853809,0.126775,0.097852
0.832845,1.030028,0.195066,0.196982
0.87196,1.080032,0.031449,0.065088
0.827082,1.050266,0.046569,-0.037738
0.702712,0.970583,-0.004864,-0.081507
0.627001,0.895469,0.048103,-0.056192
0.460688,0.722312,-0.078804,-0.139894
0.511564,0.737312,0.176073,0.045624
0.494319,0.715186,-0.01738,0.025618
0.562723,0.728478,0.12224,0.040705
0.633397,0.822382,0.101261,0.109905
0.515949,0.693197,-0.099837,-0.110759
0.519528,0.699581,0.141054,0.001303
0.407036,0.616374,-0.079764,-0.057971
0.458236,0.6188,0.140497,0.024115
0.272008,0.45306,-0.170761,-0.140111
0.445144,0.575864,0.298195,0.134889
0.408336,0.57703,-0.104017,0.038968
0.578585,0.675435,0.231526,0.108161
0.49272,0.659887,-0.099306,-0.010949
0.558677,0.690581,0.160536,0.029452
0.549309,0.738702,0.019182,0.055946
0.555192,0.715284,0.051258,-0.007346
0.5656,0.748739,0.077303,0.038726
0.583218,0.767652,0.058808,0.036118
0.649895,0.833388,0.116386,0.079652
0.649524,0.843799,0.028969,0.025264
0.479833,0.674318,-0.097991,-0.162277
0.538361,0.74102,0.208114,0.068875
0.594116,0.809691,0.045404,0.11002
0.713765,0.879231,0.141576,0.095621
0.623767,0.822137,-0.060502,-0.05162
0.550938,0.746758,0.047163,-0.076957
0.468402,0.693154,0.008575,-0.039293
0.415288,0.612097,0.015364,-0.050342
0.635039,0.81698,0.284996,0.231257
0.667065,0.848072,-0.043784,0.071329
0.589078,0.740455,-0.002084,-0.111783
0.486222,0.697059,0.025869,-0.055119
0.451662,0.656897,0.040486,-0.015161
0.64154,0.826836,0.240027,0.199895
0.481362,0.664004,-0.211465,-0.128136
0.574817,0.724826,0.259316,0.049057
0.545922,0.767817,-0.032129,0.066397
0.49175,0.645994,-0.004301,-0.098646
0.498859,0.688492,0.114273,0.041946
0.526433,0.712182,0.046173,0.053699
0.603189,0.766784,0.112793,0.074273
0.711203,0.889856,0.134652,0.135004
0.58977,0.775676,-0.107846,-0.102557
0.514363,0.705092,0.072388,-0.080407
0.377765,0.603007,-0.056071,-0.083548
0.287408,0.467333,-0.003477,-0.104401
0.315304,0.484048,0.099593,0.04538
0.464457,0.604031,0.141141,0.159741
0.482581,0.601397,-0.017454,0.021872
0.345179,0.465512,-0.072819,-0.14321
0.148205,0.29527,-0.076043,-0.177086
-0.01052,0.127405,-0.059862,-0.147671
-0.041327,0.058682,0.026266,-0.032768
-0.016117,0.041848,0.013723,0.02329
0.151147,0.168713,0.1454,0.1513
0.045798,0.062322,-0.178457,-0.093252
0.01717,0.01599,0.059254,-0.067637
-0.097543,-0.050312,-0.099424,-0.065889
-0.010801,-0.010073,0.116175,0.053287
0.013533,0.025555,-0.027942,0.051244
0.117362,0.096072,0.091294,0.073139
0.043936,0.052652,-0.103212,-0.049821
0.138095,0.138364,0.1464,0.071556
0.093562,0.132454,-0.08631,-0.001408
0.12269,0.130378,0.062895,-0.006522
0.23406,0.279777,0.118266,0.145784
0.220142,0.257214,-0.067037,-0.010853
0.216135,0.2541,0.050438,-0.0194
0.171127,0.247466,-0.017291,-0.010886
0.213154,0.275002,0.071397,0.034867
0.358335,0.429257,0.142818,0.163469
0.393699,0.463279,-0.012614,0.045466
0.376946,0.45252,0.027489,-0.024765
0.28647,0.401956,-0.031675,-0.060297
0.336159,0.450289,0.117722,0.053923
0.464371,0.585482,0.121804,0.155991
0.375865,0.482242,-0.115733,-0.087309
0.224017,0.334924,-0.035796,-0.163612
0.263265,0.404853,0.139524,0.074584
0.134851,0.253929,-0.163949,-0.110014
0.035227,0.105367,-0.004806,-0.142266
-0.113341,-0.021026,-0.092188,-0.112962
0.031296,0.070175,0.183445,0.119978
0.07572,0.105189,-0.048386,0.069836
0.240307,0.223696,0.158379,0.119902
0.199962,0.233059,-0.085222,0.001351
0.221446,0.243895,0.072601,-0.006031
0.140969,0.212685,-0.061039,-0.038539
0.009695,0.062318,-0.084524,-0.147394
0.045164,0.103567,0.111417,0.042875
-0.079972,-0.030322,-0.168887,-0.104679
-0.043437,-0.043981,0.10157,-0.010408
-0.034681,-0.00767,-0.019799,0.0501
-0.031879,-0.05187,-0.021156,-0.030753
-0.080655,-0.088916,-0.034407,-0.044509
0.022931,0.013067,0.117188,0.10149
0.180035,0.174154,0.092194,0.172134
0.325456,0.312278,0.08477,0.135888
0.208123,0.228729,-0.136104,-0.105436
0.235032,0.280823,0.136223,0.019611
0.090502,0.183628,-0.151512,-0.090069
0.08546,0.132395,0.074004,-0.047345
0.067234,0.143553,-0.008425,0.024072
-0.072148,-0.039294,-0.143871,-0.162498
-0.200774,-0.176745,-0.043539,-0.14125
-0.128293,-0.108413,0.10309,0.085403
-0.030307,-0.046603,0.014055,0.096176
-0.021616,-0.068192,-0.036654,-0.018048
0.040677,0.012732,0.080123,0.062216
0.060513,0.054283,-0.015093,0.038825
-0.068038,-0.08055,-0.129336,-0.142633
-0.10931,-0.108129,0.037924,-0.04522
-0.118986,-0.107583,-0.019782,0.013421
-0.04005,-0.066563,0.05703,0.055602
0.128623,0.105017,0.128282,0.174788
0.132805,0.112854,-0.073342,0.008279
0.140203,0.128687,0.047192,-0.011351
0.152421,0.189887,0.030061,0.0473
0.149743,0.182238,-0.007324,-0.004407
0.070506,0.109826,-0.053761,-0.076966
0.129779,0.173724,0.11116,0.061384
0.056082,0.106275,-0.108813,-0.050862
0.176768,0.196088,0.172246,0.088347
0.222989,0.277875,-0.004255,0.092514
0.342893,0.366669,0.115832,0.089905
0.317748,0.385289,-0.034388,0.008731
0.170365,0.240291,-0.095692,-0.156136
0.073596,0.167072,0.010878,-0.083158
0.064872,0.155039,0.024048,0.010253
0.092129,0.145944,0.018253,0.018893
0.183629,0.220888,0.08912,0.087336
0.10662,0.146033,-0.107105,-0.066899
0.15216,0.182255,0.112865,0.025299
-0.022687,0.040162,-0.190627,-0.134225
0.01684,0.037139,0.130102,-0.004532
-0.151793,-0.099155,-0.198716,-0.11809
-0.090692,-0.105715,0.12642,0.001266
-0.054376,-0.038984,-0.009561,0.083247
-0.062726,-0.101365,-0.050196,-0.04835
0.112832,0.089449,0.201033,0.176125
0.100176,0.098929,-0.111612,0.018922
0.263525,0.238954,0.200849,0.119355
0.188439,0.23494,-0.125539,-0.012915
0.255549,0.275548,0.13058,0.02484
0.031108,0.112589,-0.225779,-0.167214
-0.000742,0.03955,0.087805,-0.078571
-0.066462,0.00891,-0.060802,-0.011612
-0.072544,-0.064275,-0.005827,-0.046819
-0.197989,-0.189703,-0.118503,-0.118203
-0.144757,-0.163039,0.095568,0.031602
-0.261816,-0.278439,-0.17619,-0.096186
-0.228805,-0.29501,0.072852,-0.018637
-0.348662,-0.387379,-0.16223,-0.086307
-0.377687,-0.468142,-0.00896,-0.079986
-0.424623,-0.499323,-0.066959,-0.029968
-0.384698,-0.497853,0.004682,0.009593
-0.437738,-0.555358,-0.111001,-0.057692
-0.489574,-0.625966,-0.062487,-0.081986
-0.50301,-0.632201,-0.033244,-0.015363
-0.533349,-0.679533,-0.087184,-0.046341
-0.625103,-0.787713,-0.126012,-0.117045
-0.639468,-0.808269,-0.024425,-0.033413
-0.502107,-0.679051,0.06669,0.12997
-0.450099,-0.645294,-0.082547,0.035205
-0.303953,-0.505201,0.097655,0.110289
-0.310336,-0.465376,-0.104447,0.015063
-0.345681,-0.504015,-0.050962,-0.071562
-0.444854,-0.559951,-0.099158,-0.08546
-0.391317,-0.513148,0.049545,0.036815
-0.429027,-0.549019,-0.117946,-0.032585
-0.482577,-0.630657,-0.070766,-0.094157
-0.495315,-0.626075,-0.023134,-0.010773
-0.414983,-0.559352,0.020604,0.067637
-0.428127,-0.58307,-0.100018,-0.027307
-0.315565,-0.475604,0.092751,0.084681
-0.21726,-0.34737,0.005203,0.117286
-0.189463,-0.328999,-0.043041,0.000943
-0.237928,-0.344821,-0.054943,-0.049972
-0.062628,-0.146603,0.180334,0.176605
0.022647,-0.041491,-0.031861,0.108847
0.102042,0.024575,0.054727,0.043609
0.074924,0.05716,-0.032376,0.00292
0.032224,0.026264,-0.021083,-0.047697
0.001483,0.017093,-0.000258,-0.018974
0.06687,0.081503,0.071576,0.06875
-0.043606,-0.031827,-0.146112,-0.104301
0.048811,0.044468,0.161956,0.064951
0.111628,0.140621,0.005122,0.109194
0.097893,0.087486,-0.042906,-0.048179
0.093505,0.111968,0.043396,0.00435
0.214631,0.249929,0.122401,0.139629
0.061695,0.094582,-0.206784,-0.145235
0.015803,0.03682,0.070768,-0.080361
-0.164151,-0.098841,-0.165127,-0.126828
-0.252144,-0.250121,-0.031071,-0.134861
-0.451996,-0.449348,-0.181228,-0.183155
-0.448734,-0.505514,0.0447,-0.037321
-0.45878,-0.53171,-0.076333,0.001408
-0.343488,-0.477033,0.063841,0.067466
-0.261237,-0.386224,-0.0044,0.088174
-0.247957,-0.383951,-0.051552,-0.01138
-0.249342,-0.362245,-0.011138,-0.006821
-0.313541,-0.40622,-0.088656,-0.060012
-0.320435,-0.417107,-0.003833,-0.023837
-0.276038,-0.364663,0.011049,0.049077
-0.210548,-0.312785,0.005918,0.052021
-0.168494,-0.268305,-0.004782,0.032945
-0.198308,-0.285481,-0.059462,-0.034092
-0.136591,-0.212861,0.066095,0.054289
-0.08967,-0.148336,-0.006149,0.060813
-0.10183,-0.169057,-0.04374,-0.029862
0.053483,0.005415,0.168276,0.155259
0.047253,0.023575,-0.096024,0.020578
0.101147,0.061723,0.080305,0.016562
0.174952,0.192268,0.068635,0.11549
0.203051,0.214806,-0.007419,0.023741
0.198252,0.226221,0.020784,-0.004331
0.341734,0.395711,0.170644,0.161315
0.34572,0.414231,-0.051045,0.028369
0.335965,0.398222,0.042895,-0.030289
0.258161,0.367652,-0.026148,-0.039602
0.196347,0.296407,-0.007593,-0.063334
0.155972,0.256433,0.009228,-0.028514
0.127288,0.212181,-0.004121,-0.025192
0.002038,0.06987,-0.101843,-0.126999
-0.041571,0.008868,0.025535,-0.053999
-0.142345,-0.097958,-0.098174,-0.085162
-0.221972,-0.222028,-0.050101,-0.108376
-0.275094,-0.284533,-0.034975,-0.050757
-0.130196,-0.171305,0.128216,0.131398
-0.104549,-0.158864,-0.076579,0.030463
-0.002346,-0.079177,0.097363,0.064997
0.008224,-0.02277,-0.031717,0.042736
-0.068981,-0.10783,-0.081563,-0.097765
-0.155352,-0.169535,-0.034328,-0.081449
-0.148175,-0.158544,0.023488,0.014056
-0.102082,-0.13041,0.010548,0.042373
-0.084319,-0.127922,-0.016062,0.005954
0.027251,-0.013468,0.103666,0.106316
-0.090008,-0.114719,-0.176591,-0.102546
-0.064754,-0.102887,0.097837,-0.010603
0.062598,0.068404,0.10032,0.173673
0.112649,0.086472,-0.034496,0.032555
0.046855,0.031116,-0.048163,-0.077605
0.109807,0.12744,0.11573,0.077433
0.100173,0.130345,-0.052812,0.013541
0.048712,0.057757,-0.029965,-0.07665
0.183259,0.217191,0.179984,0.150899
0.289694,0.329413,0.0285,0.131315
0.23281,0.255558,-0.071657,-0.079507
0.156191,0.216084,0.010173,-0.065935
0.058503,0.140834,-0.053894,-0.072186
0.068164,0.127041,0.052897,0.000173
0.018262,0.071556,-0.058085,-0.036397
-0.044038,-0.020351,-0.035978,-0.082709
-0.071578,-0.046353,0.004445,-0.021041
-0.22053,-0.211849,-0.15659,-0.150117
-0.330682,-0.351282,-0.049404,-0.137508
-0.339691,-0.364789,0.004395,0.000535
-0.269057,-0.336743,0.014334,0.053696
-0.217094,-0.309794,-0.011395,0.034282
-0.261917,-0.356742,-0.082396,-0.057109
-0.182964,-0.271089,0.088299,0.067561
-0.239047,-0.30946,-0.126593,-0.038711
-0.246024,-0.340138,0.007262,-0.046013
-0.397838,-0.460489,-0.166697,-0.130263
-0.34553,-0.438633,0.085346,0.016529
-0.343335,-0.424048,-0.074253,0.025912
-0.261569,-0.38809,0.040475,0.035912
-0.251786,-0.354145,-0.045251,0.021663
-0.179512,-0.289594,0.043377,0.050461
0.013134,-0.072991,0.143208,0.202886
0.023971,-0.049883,-0.094413,0.016116
0.295729,0.232538,0.301114,0.245539
0.372399,0.386988,-0.0396,0.145147
0.393252,0.39304,0.034396,-0.022785
0.256176,0.342368,-0.069686,-0.087772
0.058781,0.154459,-0.110796,-0.194717
-0.096554,0.000185,-0.050282,-0.147481
-0.073397,-0.003338,0.067664,0.027588
0.033771,0.061384,0.059032,0.104727
0.176141,0.16985,0.088423,0.125893
0.069313,0.072659,-0.148655,-0.10187
0.012734,0.022141,0.032747,-0.076238
-0.158138,-0.111515,-0.147434,-0.132174
-0.157416,-0.155146,0.058437,-0.032852
-0.135948,-0.131038,-0.007012,0.044845
-0.14534,-0.186332,-0.049228,-0.03844
-0.126162,-0.168299,0.026661,0.011374
-0.144364,-0.180903,-0.046229,-0.011501
-0.070437,-0.120324,0.069561,0.057027
-0.076503,-0.11237,-0.052754,0.007344
-0.043555,-0.091106,0.034138,0.011452
-0.063686,-0.086353,-0.035421,-0.003548
-0.177592,-0.207599,-0.111966,-0.126531
-0.329667,-0.356038,-0.100361,-0.158705
-0.380096,-0.414369,-0.015,-0.052566
-0.292022,-0.355192,0.052004,0.081062
-0.378821,-0.473084,-0.174921,-0.101546
-0.253072,-0.370805,0.156067,0.084599
-0.359193,-0.441038,-0.20905,-0.066296
-0.183964,-0.317235,0.20195,0.106856
-0.239187,-0.311258,-0.165068,0.003266
-0.424672,-0.547872,-0.178259,-0.254264
-0.446082,-0.524256,0.066217,-0.007577
-0.435052,-0.522387,-0.069729,0.025359
-0.440245,-0.583694,-0.062257,-0.054074
-0.525809,-0.660815,-0.107433,-0.092234
-0.586256,-0.730382,-0.071233,-0.079594
-0.533268,-0.685879,0.018824,0.041581
-0.687964,-0.856754,-0.249904,-0.167001
-0.702866,-0.902258,0.015986,-0.069125
-0.899041,-1.073814,-0.270076,-0.172914
-0.804571,-1.046165,0.097542,0.020729
-0.783767,-1.005875,-0.122076,0.046979
-0.852723,-1.139106,-0.166038,-0.142451
-0.707623,-0.971425,0.130129,0.128993
-0.746171,-0.995098,-0.213956,-0.02578
-0.719506,-1.009758,-0.009002,-0.049852
-0.820565,-1.053351,-0.169256,-0.076624
-0.637033,-0.899082,0.142606,0.134094
-0.729403,-0.963856,-0.26113,-0.071823
-0.709591,-0.986359,0.015614,-0.061326
-0.798925,-1.012118,-0.158893,-0.053174
-0.822407,-1.078428,-0.074856,-0.079583
-0.846538,-1.08962,-0.085232,-0.030024
-0.839986,-1.104413,-0.077303,-0.025243
-0.807388,-1.079628,-0.051691,0.007241
-0.701255,-0.9767,0.008849,0.083575
-0.836298,-1.107483,-0.259601,-0.152
-0.713127,-0.991699,0.13653,0.070938
-0.836941,-1.06816,-0.276911,-0.085449
-0.739027,-1.031937,0.084474,0.007026
-0.700904,-0.932887,-0.079221,0.079233
-0.709044,-0.98573,-0.113665,-0.067907
-0.744748,-0.993964,-0.070228,-0.048932
-0.796647,-1.034404,-0.113963,-0.062661
-0.623955,-0.873123,0.116969,0.143201
-0.610331,-0.848226,-0.151563,0.01894
-0.543836,-0.805311,0.019221,0.006475
-0.440762,-0.645087,0.031988,0.125337
-0.278539,-0.48391,0.051637,0.143205
-0.386338,-0.565844,-0.202751,-0.113636
-0.400202,-0.560233,0.036345,-0.04454
-0.410713,-0.520441,-0.052213,0.025208
-0.336946,-0.480795,0.018985,0.038351
-0.427874,-0.558094,-0.152473,-0.090135
-0.443635,-0.583357,-3e-06,-0.047808
-0.442607,-0.560381,-0.039898,0.016046
-0.325525,-0.470977,0.058349,0.089256
-0.329688,-0.467224,-0.093793,-0.004305
-0.352899,-0.495877,-0.038959,-0.053417
-0.373992,-0.487216,-0.034253,-0.012659
-0.345463,-0.464072,-0.008968,0.016856
-0.434178,-0.554528,-0.138898,-0.097477
-0.408651,-0.538094,0.03867,-0.001035
-0.297653,-0.412064,0.046512,0.125405
-0.144356,-0.281506,0.053491,0.1312
-0.095082,-0.216402,-0.026034,0.043446
0.093975,-0.000758,0.175368,0.182258
0.209932,0.163932,0.025608,0.148786
0.240739,0.204356,0.005638,0.01333
0.213441,0.234718,0.010887,-0.005216
0.150154,0.201153,-0.029979,-0.046634
0.224779,0.282405,0.120689,0.078756
0.157045,0.225317,-0.097535,-0.04339
0.4059,0.450733,0.309782,0.221683
0.562896,0.655887,0.054947,0.222317
0.637995,0.70216,0.057898,0.039141
0.680449,0.818854,0.113724,0.083099
0.796199,0.973651,0.15453,0.15072
0.87854,1.078044,0.099254,0.10987
0.918417,1.141379,0.098521,0.060726
0.838605,1.098105,0.002872,-0.044191
0.614972,0.890253,-0.092657,-0.20281
0.615555,0.894551,0.179135,0.019742
0.4543,0.727546,-0.139982,-0.112012
0.503187,0.703457,0.175861,0.006518
0.524449,0.748261,0.038201,0.082491
0.799878,0.965975,0.297419,0.251548
0.746142,0.94381,-0.111002,-0.0017
0.752531,0.933729,0.13992,-0.026698
0.810627,1.070939,0.141793,0.138033
0.881862,1.121531,0.089745,0.081719
0.748011,0.997618,-0.065423,-0.115156
0.816931,1.080356,0.231043,0.082999
0.853953,1.144851,0.055962,0.102255
0.878954,1.128008,0.083282,0.010285
0.738617,1.018494,-0.043246,-0.101399
0.91238,1.188676,0.319912,0.184883
0.90253,1.201226,-0.03907,0.05925
0.85024,1.099675,0.05435,-0.088205
0.802886,1.108766,0.091443,0.012393
0.897629,1.191182,0.169768,0.118949
0.927687,1.212798,0.060342,0.05752
0.934846,1.213096,0.095409,0.016228
0.981307,1.284793,0.144433,0.085951
0.976115,1.28542,0.057757,0.027457
0.879747,1.188125,0.010125,-0.079501
0.724802,1.044884,-0.010041,-0.126247
0.501918,0.813457,-0.081868,-0.199195
0.580781,0.858302,0.230065,0.085545
0.567753,0.823397,-0.036557,0.031432
0.746152,0.931613,0.243361,0.138831
0.660728,0.886652,-0.095352,-0.023387
0.678132,0.870611,0.138068,-0.013745
0.553222,0.800114,-0.059819,-0.057823
0.643062,0.850926,0.194813,0.073028
0.712465,0.942478,0.077943,0.12313
0.740763,0.937219,0.055377,0.017949
0.743081,0.964885,0.085613,0.028784
0.727281,0.965369,0.053208,0.013808
0.68421,0.923045,0.03555,-0.02571
0.737227,0.979579,0.144456,0.073974
0.772612,1.018323,0.068351,0.067989
0.917905,1.150672,0.205325,0.151321
0.998528,1.258058,0.099202,0.125162
1.023448,1.287087,0.091255,0.036189
0.950092,1.252981,0.03434,-0.033243
0.89176,1.210146,0.074577,-0.030062
0.91047,1.236557,0.128667,0.054625
0.997214,1.312223,0.151637,0.114346
1.193544,1.501427,0.247557,0.220616
1.068611,1.393003,-0.106035,-0.084234
1.104747,1.431026,0.242318,0.029884
0.838885,1.230997,-0.186479,-0.17058
0.832119,1.159547,0.207563,-0.045277
0.799981,1.16589,0.039525,0.056223
0.834966,1.121331,0.09836,0.010274
0.907157,1.200501,0.153935,0.10625
0.856244,1.143212,-0.009949,-0.024629
0.867077,1.145771,0.137166,0.015147
0.731738,1.036857,-0.058943,-0.083605
0.93615,1.210557,0.343421,0.197243
0.926933,1.230947,-0.04501,0.067021
0.882172,1.133206,0.06382,-0.085179
0.838938,1.15258,0.097237,0.021141
0.779184,1.080521,0.015599,-0.035398
0.704478,0.988366,0.034867,-0.064815
0.74958,1.030639,0.150844,0.071431
0.767517,1.035293,0.048165,0.046722
0.865297,1.109357,0.168071,0.098186
0.880606,1.14624,0.05427,0.05749
0.959087,1.218954,0.1624,0.085926
0.926887,1.218623,0.027288,0.015249
0.845914,1.133936,0.031585,-0.071778
0.865147,1.173868,0.15217,0.055718
0.904834,1.21111,0.092473,0.076782
0.779705,1.065317,-0.058829,-0.115994
0.700231,0.987199,0.082762,-0.067808
0.721408,1.018665,0.115082,0.066767
0.713838,0.975088,0.026893,0.003168
0.730077,0.97318,0.100862,0.020992
0.756369,1.00931,0.090051,0.059344
0.522469,0.765623,-0.179392,-0.218822
0.612707,0.842226,0.284687,0.080579
0.634763,0.893086,-0.002436,0.102418
0.621454,0.801328,0.025826,-0.059944
0.381151,0.597668,-0.136922,-0.203265
0.351096,0.551388,0.12646,-0.03247
0.537061,0.735802,0.204992,0.230428
0.49251,0.640582,-0.118532,-0.047346
0.369586,0.501844,-0.006914,-0.150385
0.397526,0.576629,0.138103,0.075906
0.198131,0.355584,-0.216406,-0.180507
0.127303,0.237546,0.071838,-0.113409
0.099708,0.236772,0.009323,0.026594
0.016876,0.086294,-0.093928,-0.110215
0.044997,0.094317,0.090922,0.015728
0.150596,0.200932,0.078801,0.129255
-0.003105,0.016582,-0.20504,-0.16745
0.020507,0.034109,0.139158,-0.004149
-0.07756,-0.024682,-0.129208,-0.042373
-0.285831,-0.297562,-0.178022,-0.261657
-0.260473,-0.26297,0.127224,0.028184
-0.301138,-0.319623,-0.127751,-0.017349
-0.284497,-0.37521,0.006357,-0.045586
-0.24122,-0.309357,0.021535,0.060909
-0.286568,-0.375459,-0.108609,-0.060629
-0.305221,-0.40138,-0.006188,-0.042269
-0.26925,-0.348396,0.013115,0.047118
-0.206731,-0.30224,0.003326,0.049046
-0.391281,-0.48707,-0.229639,-0.1948
-0.45907,-0.558706,0.011559,-0.098739
-0.49185,-0.570768,-0.063256,-0.004809
-0.357613,-0.493005,0.07704,0.092761
-0.313152,-0.44751,-0.057805,0.04621
-0.220495,-0.368674,0.050167,0.059656
-0.331595,-0.44309,-0.16869,-0.09623
-0.188643,-0.306187,0.179509,0.109359
-0.273534,-0.347213,-0.192652,-0.039884
-0.095585,-0.216346,0.203669,0.111173
-0.308812,-0.361565,-0.311581,-0.152002
-0.197388,-0.305771,0.203424,0.029454
-0.219978,-0.251976,-0.106862,0.057414
-0.08986,-0.19636,0.099991,0.058599
-0.095677,-0.151256,-0.057816,0.029744
-0.031832,-0.101794,0.056249,0.035282
-0.093578,-0.127011,-0.087638,-0.039132
-0.098505,-0.139763,0.020404,-0.025816
-0.23736,-0.255812,-0.145838,-0.11989
-0.215296,-0.259561,0.068158,-0.00705
-0.323909,-0.356719,-0.154565,-0.084658
-0.22254,-0.304547,0.122417,0.053389
0.003738,-0.054807,0.145507,0.258203
0.132804,0.048051,-0.003517,0.109454
0.186229,0.126678,0.042422,0.040803
0.097361,0.099223,-0.077586,-0.060639
0.228516,0.246866,0.191153,0.127768
0.398339,0.451499,0.107756,0.213707
0.368639,0.406591,-0.080252,-0.044675
0.246099,0.319261,-0.026114,-0.12117
0.224246,0.338908,0.066932,0.011973
0.332791,0.436655,0.112531,0.122745
0.341541,0.428477,-0.023332,0.012285
0.337715,0.422115,0.045591,-0.011808
0.41051,0.523458,0.114248,0.10108
0.481583,0.594909,0.059441,0.08641
0.461991,0.576992,0.000386,-0.016148
0.435238,0.570952,0.045497,-0.012758
0.501484,0.653941,0.119036,0.090876
0.71661,0.868304,0.217498,0.234021
0.851614,1.011824,0.092157,0.158402
0.865081,1.044634,0.054217,0.020857
0.679569,0.913558,-0.080097,-0.148276
0.598148,0.851912,0.087701,-0.063131
0.762372,1.027276,0.241321,0.209979
0.824921,1.059487,0.01869,0.083321
0.887849,1.103574,0.139361,0.049727
0.730559,0.99833,-0.084817,-0.102103
0.747707,1.005117,0.173933,0.013864
0.739148,1.026153,0.041207,0.054445
0.667855,0.910376,-0.009289,-0.082397
0.556069,0.806486,0.010353,-0.090842
0.528914,0.773072,0.073578,-0.004883
0.547474,0.768846,0.065176,0.035451
0.652896,0.848742,0.143666,0.110919
0.663,0.858897,0.019269,0.033324
0.496535,0.687891,-0.093452,-0.16515
0.385137,0.591769,0.041386,-0.096404
0.271793,0.479161,-0.042387,-0.079482
0.123096,0.27962,-0.082913,-0.162355
-0.059002,0.070863,-0.09272,-0.182693
-0.147056,-0.054684,-0.016112,-0.092601
-0.122137,-0.074286,0.030826,0.021192
-0.106759,-0.105697,-0.026833,0.001693
-0.251179,-0.277587,-0.156655,-0.163442
-0.333629,-0.369569,-0.017706,-0.099945
-0.318439,-0.356304,0.00683,0.027281
-0.404117,-0.483775,-0.148268,-0.106834
-0.473199,-0.578696,-0.04922,-0.102558
-0.432648,-0.533253,0.025039,0.045788
-0.249131,-0.37775,0.096458,0.168349
-0.250744,-0.388091,-0.121272,-0.012381
-0.142618,-0.277107,0.115877,0.07524
-0.28234,-0.361093,-0.208239,-0.101446
0.007207,-0.097335,0.34285,0.238532
-0.038974,-0.076305,-0.214582,0.02993
-0.002663,-0.102061,0.075465,-0.054886
-0.171096,-0.17069,-0.154865,-0.098351
-0.092038,-0.128065,0.127983,0.039472
-0.00234,-0.011232,0.03023,0.128199
0.113984,0.067463,0.058067,0.085249
0.111238,0.093466,-0.026868,0.008392
0.206704,0.206378,0.119691,0.0933
0.158479,0.192062,-0.080293,-0.018466
0.077961,0.102978,-0.029812,-0.102132
0.033026,0.089196,0.013871,-0.02091
0.058377,0.101232,0.029683,0.028735
0.077802,0.103994,0.00572,0.016327
0.101201,0.121137,0.025783,0.019918
0.031052,0.056796,-0.069552,-0.06391
-0.076773,-0.055468,-0.062427,-0.11651
-0.055528,-0.031329,0.06806,0.027204
-0.097024,-0.08628,-0.081495,-0.032763
-0.035183,-0.058293,0.077644,0.031662
-0.025982,-0.031503,-0.026314,0.031567
-0.007537,-0.034904,0.008586,-0.003789
0.001669,-0.007562,0.010303,0.019185
-0.118242,-0.126603,-0.128862,-0.120449
-0.249208,-0.263467,-0.069753,-0.146875
-0.265358,-0.276173,0.019241,-0.007095
-0.311397,-0.352656,-0.091933,-0.052163
-0.365327,-0.443132,-0.058481,-0.08558
-0.428494,-0.508146,-0.067862,-0.065841
-0.525314,-0.627228,-0.117602,-0.114189
-0.56759,-0.69134,-0.045293,-0.064721
-0.584204,-0.722844,-0.062281,-0.025824
-0.525322,-0.693993,0.000717,0.031228
-0.458885,-0.634681,-0.016984,0.054442
-0.424236,-0.606469,-0.041556,0.013594
-0.364788,-0.534996,0.012324,0.046639
-0.490313,-0.642177,-0.190553,-0.126711
-0.375301,-0.531955,0.146686,0.080709
-0.438727,-0.559734,-0.178951,-0.026374
-0.437335,-0.608297,-0.004594,-0.066258
-0.324579,-0.449024,0.084866,0.139397
-0.300762,-0.440995,-0.094648,0.012387
-0.260411,-0.406592,0.023354,0.006552
-0.091778,-0.195982,0.131983,0.18815
-0.15576,-0.252877,-0.176378,-0.061583
-0.15135,-0.248841,0.057341,-0.035096
-0.166821,-0.204205,-0.030774,0.029627
-0.006388,-0.07228,0.132027,0.133926
0.056999,0.012959,-0.017028,0.082714
0.165352,0.11747,0.094058,0.08583
0.197665,0.198593,0.007843,0.061525
0.105268,0.117022,-0.085468,-0.097153
0.113028,0.149316,0.084591,0.012477
0.046298,0.101866,-0.077646,-0.03697
0.032975,0.056789,0.022633,-0.039871
-0.135173,-0.09635,-0.154872,-0.147832
0.063768,0.070542,0.269541,0.171118
-0.029021,-0.002785,-0.218527,-0.041823
0.036755,-0.005463,0.129316,-0.014538
-0.028484,0.003798,-0.080861,0.003014
-0.093789,-0.109891,-0.054689,-0.107477
-0.175417,-0.171861,-0.039138,-0.069071
-0.169316,-0.181686,0.013301,0.001594
-0.226049,-0.256923,-0.08812,-0.061226
-0.073256,-0.127214,0.164281,0.129634
-0.025687,-0.064451,-0.051874,0.074112
-0.024349,-0.090979,-0.015443,-0.039009
-0.054297,-0.076783,-0.007294,-0.010184
-0.141456,-0.158695,-0.088019,-0.085591
-0.107915,-0.131716,0.067631,0.022008
-0.157698,-0.175031,-0.091223,-0.032991
-0.127748,-0.176354,0.041049,-0.002392
-0.169586,-0.199418,-0.067515,-0.023317
-0.128443,-0.181327,0.041799,0.016691
-0.107088,-0.146329,-0.01179,0.034347
-0.16212,-0.214867,-0.079713,-0.071026
-0.165942,-0.212215,0.022757,-0.01112
-0.111408,-0.148703,0.030172,0.06563
-0.130018,-0.182567,-0.067242,-0.029478
-0.129952,-0.183558,0.012344,-0.01458
-0.085465,-0.121608,0.031038,0.056688
0.078682,0.034886,0.123158,0.158328
-0.013351,-0.045629,-0.167961,-0.083481
-0.003174,-0.036643,0.08684,-0.021946
-0.050158,-0.030593,-0.056774,0.002239
-0.154811,-0.172657,-0.102035,-0.135766
-0.244636,-0.25511,-0.034365,-0.09021
-0.144461,-0.164883,0.104414,0.103077
-0.267164,-0.310615,-0.21235,-0.122839
-0.086646,-0.165751,0.242103,0.128995
-0.190956,-0.21946,-0.222463,-0.042071
-0.165848,-0.260763,0.068224,-0.056534
-0.238487,-0.265363,-0.084835,-0.01724
-0.219064,-0.289987,0.00994,-0.019528
-0.115279,-0.172932,0.079671,0.114155
-0.172457,-0.239182,-0.136014,-0.061226
-0.156379,-0.231369,0.052594,-0.014958
-0.229121,-0.26694,-0.098244,-0.041668
-0.347527,-0.415923,-0.111969,-0.151216
-0.432993,-0.495271,-0.048544,-0.087292
-0.441514,-0.522172,-0.028228,-0.014619
-0.395221,-0.508389,-0.006988,0.02615
-0.335719,-0.465257,-0.003951,0.043653
-0.328711,-0.461427,-0.052289,-0.006149
-0.311295,-0.438798,-0.008335,0.003513
-0.375984,-0.488911,-0.102906,-0.064268
-0.423322,-0.542092,-0.0474,-0.068611
-0.547288,-0.658287,-0.143572,-0.123604
-0.67974,-0.815248,-0.127947,-0.16162
-0.645498,-0.794414,0.030226,0.020504
-0.649217,-0.823608,-0.112832,-0.012718
-0.511162,-0.727023,0.080166,0.08855
-0.47672,-0.669966,-0.084173,0.045065
-0.310291,-0.51964,0.10966,0.124198
-0.335027,-0.496672,-0.131552,-0.002099
-0.301123,-0.467827,0.028458,-0.007489
-0.369731,-0.482739,-0.105581,-0.040675
-0.312117,-0.440099,0.049855,0.027468
-0.335937,-0.44134,-0.086254,-0.008465
-0.292347,-0.418324,0.023023,0.010669
-0.370506,-0.472996,-0.124025,-0.066693
-0.363285,-0.481897,0.013192,-0.023459
-0.417894,-0.5185,-0.097235,-0.041643
-0.376663,-0.504485,0.022221,0.008786
-0.296498,-0.413621,0.021122,0.086454
-0.363002,-0.493185,-0.143887,-0.084473
-0.416758,-0.545126,-0.031387,-0.079818
-0.320338,-0.425157,0.079465,0.109586
-0.384005,-0.504577,-0.170296,-0.070648
-0.471178,-0.612341,-0.068359,-0.132126
-0.374704,-0.484573,0.101842,0.112036
-0.408096,-0.5344,-0.155282,-0.035025
-0.249568,-0.407093,0.155874,0.10663
-0.157077,-0.264704,-0.014229,0.13313
-0.25713,-0.38871,-0.164612,-0.140734
-0.308375,-0.403072,0.016962,-0.058201
-0.360232,-0.425953,-0.074825,-0.026402
-0.29684,-0.398883,0.038648,0.031288
-0.244484,-0.340766,-0.00906,0.057514
-0.165455,-0.275105,0.027316,0.05838
-0.000568,-0.092099,0.118639,0.166825
0.170296,0.098788,0.084445,0.179112
0.035188,-0.013637,-0.191048,-0.137082
0.065993,0.048011,0.144752,0.015081
-0.016309,0.024391,-0.111326,-0.021284
0.017984,0.008235,0.063387,-0.012478
-0.038407,-0.015632,-0.063118,-0.023363
-0.023145,-0.029243,0.031352,-0.009279
-0.004238,0.002262,0.011516,0.034356
0.054531,0.046383,0.040712,0.049689
0.043135,0.041158,-0.031284,-0.006975
0.119715,0.119582,0.09474,0.069941
0.126517,0.147256,-0.024494,0.028627
0.30998,0.321814,0.197361,0.168146
0.177508,0.227361,-0.197677,-0.093166
0.102348,0.132424,0.036218,-0.119666
0.160042,0.249406,0.110596,0.114912
0.082195,0.135937,-0.134084,-0.081392
0.192738,0.222689,0.184681,0.079863
0.185797,0.2552,-0.055586,0.046181
0.258614,0.285588,0.092191,0.032849
-0.047958,0.022392,-0.301763,-0.268755
-0.111032,-0.071257,0.103977,-0.107846
-0.248425,-0.175469,-0.143501,-0.074182
-0.328689,-0.352197,-0.064974,-0.144411
-0.294238,-0.322187,0.055167,0.040933
-0.219206,-0.281347,-0.002079,0.068045
-0.148351,-0.2408,0.013726,0.043912
-0.172079,-0.251423,-0.059775,-0.024577
-0.192922,-0.265189,-0.016596,-0.031535
-0.327204,-0.384162,-0.142367,-0.128212
-0.438936,-0.511047,-0.074215,-0.134748
-0.417864,-0.492577,0.026837,0.022965
-0.397704,-0.502749,-0.058554,0.009296
-0.369065,-0.50418,-0.016497,-0.003817
-0.158786,-0.2844,0.168051,0.207555
-0.061739,-0.176609,-0.041164,0.106887
0.155106,0.038963,0.186521,0.182769
0.109654,0.067768,-0.126046,0.000434
0.000824,-0.036953,-0.054245,-0.14293
-0.012938,0.011479,0.061266,0.022556
-0.160888,-0.142987,-0.177176,-0.137372
-0.034894,-0.052572,0.195916,0.088182
-0.12805,-0.118259,-0.181396,-0.044384
-0.179223,-0.233348,-0.010916,-0.119216
-0.213385,-0.223256,-0.008261,0.002018
-0.133498,-0.177402,0.045955,0.063012
0.01153,-0.0419,0.090469,0.14123
-0.052473,-0.103374,-0.135276,-0.065219
-0.086003,-0.131814,0.023055,-0.057797
0.029558,0.024815,0.123333,0.148611
-0.012802,-0.032308,-0.127091,-0.041975
0.014511,-0.017585,0.075845,-0.005632
0.019021,0.032372,-0.006202,0.044574
0.102111,0.091529,0.068575,0.063536
0.204288,0.212149,0.078141,0.116739
0.065735,0.08067,-0.170919,-0.135506
0.185167,0.20584,0.225896,0.099956
0.405068,0.473429,0.152648,0.283894
0.457798,0.488975,-0.037648,0.028425
0.481861,0.55074,0.0965,0.024552
0.512262,0.643614,0.070794,0.079673
0.587526,0.721775,0.098331,0.08397
0.645139,0.799999,0.084553,0.08049
0.82803,0.999012,0.222196,0.20118
0.833721,1.035905,-0.008373,0.046212
0.836401,1.046098,0.10578,-0.000942
0.761617,1.028183,0.018269,-0.017631
0.858265,1.117562,0.199285,0.10746
0.840601,1.117399,0.006913,0.030065
0.925074,1.179815,0.183172,0.07743
1.0066,1.299929,0.134001,0.138954
0.875743,1.160549,-0.081084,-0.117028
0.795688,1.092365,0.104574,-0.070037
0.761021,1.086212,0.069836,0.02507
0.664795,0.948175,-0.030111,-0.092085
0.646931,0.912434,0.10834,-0.010653
0.633662,0.897226,0.04468,0.023325
0.660443,0.888207,0.085011,0.025496
0.701433,0.929229,0.096759,0.064471
0.737821,0.960535,0.080596,0.05379
0.555445,0.781532,-0.12311,-0.164087
0.475783,0.698389,0.086306,-0.080073
0.430041,0.666792,0.021106,0.003363
0.425056,0.60732,0.035457,-0.017335
0.368443,0.53847,-0.006333,-0.044885
0.390923,0.544424,0.085949,0.025741
0.303716,0.453201,-0.06942,-0.066709
0.259098,0.382361,0.034608,-0.05917
0.361199,0.493532,0.147604,0.128905
0.348513,0.460862,-0.054302,-0.001267
0.317683,0.410581,0.030141,-0.051305
0.27327,0.397715,0.01236,-0.011672
0.376992,0.48658,0.138067,0.105746
0.29365,0.405079,-0.108124,-0.061751
0.26326,0.354472,0.059003,-0.054872
0.102952,0.22749,-0.118389,-0.118227
0.148255,0.232328,0.125993,0.02038
-0.019186,0.072655,-0.191137,-0.131455
0.021609,0.053999,0.127796,-0.01028
-0.105434,-0.045058,-0.15477,-0.077616
-0.099398,-0.106141,0.051208,-0.048767
0.148098,0.163102,0.238044,0.279505
0.16979,0.16118,-0.126096,0.026298
0.049763,0.026491,-0.069211,-0.165976
-0.177892,-0.134045,-0.132943,-0.188878
-0.188841,-0.164122,0.062772,-0.01968
-0.131997,-0.12652,0.0142,0.070431
-0.019135,-0.063077,0.058097,0.083501
-0.087183,-0.125741,-0.114392,-0.066146
-0.084121,-0.123767,0.047538,-0.01755
-0.120587,-0.131051,-0.051271,-0.008872
-0.124859,-0.161795,-0.007255,-0.02792
-0.120994,-0.14948,-0.000317,0.009751
0.022708,-0.014391,0.122444,0.137674
-0.173292,-0.204091,-0.273739,-0.185828
-0.206287,-0.257089,0.083698,-0.083115
-0.366802,-0.365868,-0.177675,-0.101718
-0.461837,-0.536398,-0.072389,-0.156376
-0.423603,-0.494088,0.04857,0.047339
-0.291414,-0.398804,0.036852,0.120198
-0.183299,-0.317114,0.013095,0.082939
-0.149341,-0.268628,-0.018933,0.025437
-0.124976,-0.218705,0.006656,0.022484
-0.158277,-0.227761,-0.054895,-0.027574
-0.029067,-0.091986,0.134699,0.120415
-0.071453,-0.111835,-0.122248,-0.019474
0.002557,-0.056243,0.104656,0.035405
-0.040212,-0.048415,-0.076193,-0.000772
-0.064986,-0.09798,-0.01135,-0.056073
-0.013991,-0.020532,0.068843,0.06846
-0.014228,-0.026215,-0.046491,0.003733
0.056354,0.033221,0.079611,0.0522
0.032565,0.03497,-0.052448,-0.001412
0.017754,0.009179,0.004137,-0.033522
-0.014,-0.000105,-0.015419,-0.015324
0.106247,0.111484,0.126322,0.115544
0.113624,0.125669,-0.052936,0.023802
0.128375,0.127589,0.036455,-0.00933
-0.007618,0.028528,-0.119465,-0.108995
-0.053657,-0.031289,0.022153,-0.063801
-0.214843,-0.181957,-0.152787,-0.138448
-0.095194,-0.107704,0.173084,0.085046
-0.120249,-0.12403,-0.117152,0.010375
0.083142,0.02174,0.208502,0.145275
-0.016491,-0.024933,-0.188981,-0.048364
-0.033265,-0.077131,0.047941,-0.074821
-0.119982,-0.100628,-0.069605,-0.034471
-0.160581,-0.179555,-0.031936,-0.068839
-0.13024,-0.147932,0.040648,0.034404
-0.027872,-0.059365,0.058249,0.101184
0.089609,0.048015,0.061171,0.110028
0.074362,0.045635,-0.054743,-0.014282
0.16241,0.151701,0.123247,0.082387
0.133998,0.160915,-0.063392,0.005668
0.072133,0.085472,-0.028466,-0.085478
0.034542,0.078325,0.014511,-0.016812
0.147883,0.184098,0.117494,0.118253
-0.031057,-0.002035,-0.234459,-0.170585
-0.047994,-0.042608,0.101439,-0.059285
-0.068349,-0.019992,-0.030752,0.03648
0.143077,0.128917,0.187583,0.171417
0.068234,0.074035,-0.164426,-0.046818
0.184526,0.168078,0.187087,0.070466
-0.02787,0.024202,-0.254176,-0.145854
-0.10014,-0.099878,0.039148,-0.135779
-0.149005,-0.099857,-0.021393,0.007252
-0.246951,-0.259975,-0.126236,-0.129793
-0.192397,-0.226063,0.09748,0.034934
-0.071231,-0.103482,0.053818,0.141533
0.020415,-0.046352,0.013016,0.065423
-0.044507,-0.092678,-0.083531,-0.067164
0.014653,-0.012303,0.10464,0.056255
0.011814,0.011335,-0.046045,0.026014
0.065357,0.042935,0.056709,0.026947
0.06619,0.073669,-0.010547,0.023368
0.06226,0.064292,-0.000211,-0.013265
0.121118,0.137839,0.074576,0.067347
0.072954,0.096335,-0.074997,-0.036938
0.100872,0.115838,0.071272,0.011044
0.056944,0.097641,-0.050663,-0.015367
0.131763,0.150298,0.098835,0.055372
0.065955,0.104012,-0.092305,-0.040324
0.110884,0.12728,0.09116,0.018745
-0.022034,0.02388,-0.146161,-0.098697
-0.096669,-0.084582,-0.007413,-0.10974
-0.179132,-0.148575,-0.054477,-0.056324
-0.148499,-0.15932,0.032968,0.009599
-0.119382,-0.143337,-0.00702,0.030821
-0.23619,-0.28146,-0.145042,-0.13373
-0.151239,-0.201331,0.13953,0.066713
-0.219642,-0.252219,-0.150172,-0.036009
-0.060914,-0.143235,0.176919,0.102728
0.021696,-0.012897,-0.004012,0.130445
0.086663,0.021749,0.021285,0.02649
0.024259,0.00622,-0.056448,-0.043463
0.000714,-0.002649,0.01406,-0.025427
-0.021237,-0.008207,-0.014805,-0.006672
-0.078451,-0.078101,-0.055889,-0.065024
-0.198558,-0.202497,-0.093501,-0.125269
-0.274309,-0.287739,-0.03559,-0.082379
-0.344331,-0.374599,-0.073329,-0.071808
-0.15511,-0.220239,0.18107,0.167275
-0.067967,-0.135582,-0.04424,0.103843
-0.002904,-0.099019,0.030468,0.020463
0.136487,0.094659,0.133667,0.164397
0.055884,0.035024,-0.151976,-0.066337
-0.003943,-0.022679,0.016496,-0.089108
-0.008437,0.023241,0.028415,0.03695
0.066412,0.07266,0.048045,0.066039
0.015437,0.017474,-0.078799,-0.051534
-0.029497,-0.029003,-0.002221,-0.057765
-0.035658,-0.018015,0.012431,0.011
0.008132,0.009162,0.028278,0.038711
-0.01504,-0.020205,-0.044458,-0.025057
0.076331,0.068187,0.11052,0.08239
0.208883,0.218476,0.085837,0.154976
0.062058,0.065549,-0.195821,-0.154125
0.138612,0.153602,0.197324,0.05578
0.178723,0.245768,-0.009618,0.106072
0.332455,0.347024,0.136715,0.111191
0.343684,0.40315,-0.012513,0.04721
0.386789,0.448743,0.079234,0.033147
0.309981,0.413506,-0.050937,-0.042652
0.298259,0.398286,0.059381,-0.017211
0.163978,0.283393,-0.102542,-0.104633
0.200618,0.292127,0.118868,0.018646
0.131943,0.234515,-0.081812,-0.032828
0.138637,0.194787,0.051425,-0.026845
0.146268,0.220708,0.022904,0.035509
0.239601,0.289887,0.090079,0.084672
0.3015,0.357514,0.040711,0.074508
0.305074,0.363385,0.008686,0.003122
0.400651,0.479527,0.137604,0.107068
0.503332,0.604602,0.084886,0.13173
0.501156,0.604056,-0.001663,-0.00036
0.504959,0.635077,0.07824,0.016736
0.339175,0.499048,-0.120509,-0.132324
0.326324,0.471104,0.110278,-0.024573
0.314292,0.476383,0.009776,0.033119
0.326151,0.440587,0.031767,-0.007861
0.205342,0.323813,-0.08275,-0.106553
0.125281,0.230113,0.005124,-0.086372
0.035323,0.138833,-0.046925,-0.070924
-0.074816,-0.008974,-0.07542,-0.12335
-0.027418,0.015548,0.095631,0.041338
-0.153804,-0.127406,-0.176217,-0.113544
-0.241109,-0.263088,-0.026884,-0.134361
-0.261764,-0.266744,0.001239,0.003355
-0.323222,-0.370883,-0.107062,-0.079415
-0.242809,-0.31908,0.089239,0.052766
-0.298669,-0.36784,-0.132164,-0.039613
-0.240916,-0.345929,0.063474,0.01237
-0.273913,-0.346981,-0.083219,-0.00675
-0.165423,-0.266404,0.093467,0.073735
-0.15557,-0.229578,-0.060023,0.031058
-0.042945,-0.132385,0.096901,0.082397
-0.070817,-0.12136,-0.082519,-0.002175
-0.097103,-0.155266,-0.011266,-0.052876
-0.097495,-0.121824,0.013464,0.019024
-0.278621,-0.30947,-0.206,-0.184114
-0.410193,-0.459286,-0.0504,-0.162558
-0.369832,-0.411262,0.053651,0.058692
-0.194094,-0.282577,0.080533,0.159467
-0.202579,-0.314134,-0.115669,-0.027091
-0.163826,-0.271213,0.056339,0.011213
-0.201079,-0.263763,-0.071861,-0.007559
-0.34662,-0.426919,-0.151841,-0.172553
-0.395432,-0.46622,0.008076,-0.056556
-0.573,-0.646325,-0.216402,-0.167358
-0.453906,-0.581556,0.150793,0.066397
-0.550131,-0.664782,-0.223606,-0.064114
-0.498103,-0.683507,0.052664,-0.029407
-0.523281,-0.661975,-0.090865,0.010247
-0.424438,-0.605779,0.043759,0.051406
-0.441657,-0.601036,-0.100929,-0.009337
-0.475709,-0.647461,-0.062636,-0.068603
-0.541742,-0.689533,-0.084911,-0.064308
-0.573816,-0.73069,-0.060963,-0.050417
-0.637934,-0.802629,-0.109004,-0.078081
-0.806219,-0.988602,-0.200134,-0.194628
-0.800507,-1.000002,0.0166,-0.024358
-0.630832,-0.839973,0.061126,0.170699
-0.478041,-0.727247,-0.015007,0.117257
-0.500018,-0.74234,-0.118983,-0.05015
-0.359168,-0.566428,0.132307,0.126695
-0.312856,-0.476095,-0.075704,0.073274
-0.237749,-0.41478,0.029494,0.03156
-0.070533,-0.19262,0.126274,0.188501
-0.010353,-0.11358,-0.045351,0.065414
0.137047,0.050096,0.142167,0.127318
0.156484,0.133247,-0.03417,0.059595
0.071667,0.053956,-0.070955,-0.10351
0.042666,0.067174,0.044272,-0.012419
-0.015319,0.020967,-0.059529,-0.03809
-0.051204,-0.040465,-0.012362,-0.055057
0.032422,0.046757,0.098853,0.092111
0.045157,0.049787,-0.044889,0.019296
0.298062,0.286591,0.263576,0.230384
0.250505,0.283047,-0.153673,0.000512
0.282406,0.293004,0.10912,-0.019046
0.189783,0.282809,-0.065443,-0.024767
0.335546,0.399015,0.19406,0.122003
0.335658,0.430044,-0.047144,0.045195
0.34671,0.413081,0.051439,-0.019949
0.269076,0.380631,-0.030875,-0.039745
0.291734,0.393197,0.079747,0.019628
0.313005,0.423316,0.031916,0.045413
0.177188,0.270345,-0.120886,-0.140201
0.163021,0.253947,0.092009,-0.020611
0.125615,0.229183,-0.034453,-0.001072
0.064538,0.121556,-0.042073,-0.087439
-0.059269,-0.000856,-0.073615,-0.117489
-0.064331,-0.023793,0.043836,-0.009802
0.130433,0.154405,0.17233,0.202712
0.180615,0.18395,-0.054449,0.05226
0.148152,0.143085,-0.009418,-0.060592
0.140388,0.184755,0.044569,0.02111
0.131987,0.180301,-0.009002,0.002548
0.268795,0.308772,0.155162,0.131409
0.153995,0.211265,-0.164858,-0.088309
0.186731,0.223976,0.129153,-0.003546
0.094035,0.182331,-0.095919,-0.034544
0.045682,0.08556,-0.004283,-0.086591
-0.046039,0.012625,-0.052635,-0.068305
-0.040314,-0.010797,0.031925,-0.006965
-0.034554,-0.016056,-0.009536,0.011947
-0.056058,-0.061432,-0.031808,-0.035803
-0.141103,-0.148219,-0.071712,-0.088033
-0.265295,-0.278714,-0.094257,-0.130449
-0.334199,-0.3613,-0.036784,-0.076702
-0.358733,-0.407826,-0.038491,-0.030105
-0.446559,-0.52865,-0.121746,-0.107488
-0.375628,-0.481192,0.077477,0.045833
-0.264757,-0.370152,0.020922,0.121694
-0.344575,-0.478358,-0.167141,-0.110442
-0.349036,-0.472444,0.037639,-0.028689
-0.439922,-0.53079,-0.134582,-0.064307
-0.408578,-0.537999,0.02592,-0.011694
-0.353039,-0.466988,-0.001485,0.068578
-0.165224,-0.303256,0.113272,0.162434
-0.146984,-0.266798,-0.087956,0.024118
-0.157181,-0.27092,-0.009663,-0.038949
-0.167667,-0.231753,-0.006701,0.012163
-0.235554,-0.29913,-0.092531,-0.073103
-0.092218,-0.158754,0.162659,0.128772
-0.016333,-0.063996,-0.024647,0.103396
0.126017,0.053516,0.109619,0.105168
0.066383,0.046724,-0.099709,-0.028549
0.111478,0.09562,0.094888,0.023978
0.117917,0.148766,-0.006179,0.047135
0.088417,0.101329,-0.030157,-0.046693
-0.08222,-0.051878,-0.130811,-0.16288
-0.277617,-0.252335,-0.114858,-0.202841
-0.244937,-0.234329,0.092555,0.032989
-0.298279,-0.32068,-0.132484,-0.04724
-0.220607,-0.30202,0.081444,0.025036
-0.185939,-0.244845,-0.024256,0.060137
-0.359713,-0.448573,-0.216895,-0.20517
-0.403998,-0.487248,0.040629,-0.065754
-0.416363,-0.483182,-0.055744,0.016103
-0.515364,-0.63871,-0.154938,-0.142048
-0.562497,-0.694044,-0.025624,-0.069565
-0.603132,-0.736498,-0.087558,-0.038287
-0.737335,-0.909501,-0.184861,-0.170038
-0.590193,-0.778736,0.154964,0.117252
-0.635621,-0.819325,-0.210664,-0.026202
-0.551768,-0.793372,0.059151,0.002842
-0.586122,-0.76962,-0.117503,0.000425
-0.535977,-0.751777,-0.000105,0.000501
-0.629788,-0.816088,-0.161364,-0.08623
-0.758849,-0.961803,-0.1408,-0.168389
-0.837686,-1.030875,-0.082962,-0.086721
-0.736674,-0.954284,0.035284,0.080111
-0.527345,-0.769787,0.067166,0.189535
-0.375352,-0.627339,-0.003594,0.12652
-0.358195,-0.584565,-0.068644,-0.00192
-0.287059,-0.46738,0.053072,0.066814
-0.193332,-0.332278,0.024768,0.109344
-0.241589,-0.371899,-0.11577,-0.060975
-0.108697,-0.217444,0.159488,0.118379
-0.234589,-0.300421,-0.219632,-0.088301
-0.193689,-0.293105,0.098489,-0.018645
-0.383134,-0.422799,-0.228601,-0.136205
-0.224203,-0.320887,0.209793,0.096672
-0.175912,-0.232298,-0.070305,0.102983
-0.1089,-0.2259,0.019691,0.002372
-0.112243,-0.177277,-0.014858,0.02065
-0.211199,-0.271613,-0.11543,-0.106327
-0.063092,-0.117676,0.190236,0.137052
-0.084993,-0.117485,-0.129003,0.013271
-0.105762,-0.178517,-0.004703,-0.076142
-0.225555,-0.246501,-0.098138,-0.08715
-0.210193,-0.252335,0.038715,-0.004781
-0.32789,-0.368638,-0.156561,-0.106401
-0.379813,-0.457891,-0.021482,-0.091703
-0.332229,-0.400915,0.033656,0.060896
-0.203342,-0.304305,0.04719,0.112203
-0.202108,-0.311824,-0.078908,-0.012193
-0.143365,-0.244794,0.061056,0.040339
-0.192829,-0.259649,-0.094079,-0.027896
-0.171907,-0.251153,0.03017,-0.006412
-0.063914,-0.116392,0.082507,0.126912
-0.124176,-0.184144,-0.136746,-0.065132
-0.064109,-0.126576,0.105792,0.032065
-0.172391,-0.191863,-0.151584,-0.068558
-0.147082,-0.203008,0.063462,-0.019308
-0.09358,-0.116429,0.026507,0.087094
-0.079272,-0.13212,-0.040552,-0.007325
-0.132154,-0.178119,-0.047478,-0.060991
-0.116676,-0.149214,0.034333,0.018235
-0.165542,-0.196688,-0.081,-0.04285
-0.136505,-0.185511,0.041711,0.006587
-0.020372,-0.055262,0.085255,0.131247
-0.038477,-0.084215,-0.091544,-0.02404
-0.0407,-0.085212,0.028769,-0.023515
-0.288969,-0.297437,-0.248079,-0.222033
-0.377738,-0.416199,0.013871,-0.128738
-0.327419,-0.352901,0.038361,0.08256
-0.269105,-0.357494,-0.037159,0.027194
-0.358408,-0.465072,-0.126917,-0.113961
-0.505777,-0.606129,-0.119252,-0.160938
-0.481135,-0.582672,0.043886,0.018939
-0.378344,-0.499223,0.013619,0.10136
-0.226337,-0.3803,0.057036,0.120879
-0.26931,-0.406772,-0.127126,-0.045978
-0.160947,-0.286959,0.127873,0.08362
-0.2971,-0.374993,-0.21507,-0.099075
-0.251429,-0.361099,0.097129,-0.01012
-0.301972,-0.359783,-0.101457,-0.002719
-0.23985,-0.345972,0.043597,0.013492
-0.177639,-0.257424,0.016813,0.080424
-0.246444,-0.338874,-0.126602,-0.085909
-0.280719,-0.366901,1e-05,-0.052688
-0.238505,-0.303069,0.025044,0.059106
-0.179669,-0.264753,-0.004512,0.045028
-0.066235,-0.153581,0.075366,0.10116
-0.297156,-0.364702,-0.291879,-0.222475
-0.277133,-0.355943,0.138895,-0.025479
-0.206856,-0.236785,0.0073,0.131903
-0.200412,-0.299318,-0.080016,-0.044997
-0.285185,-0.368779,-0.069961,-0.09429
-0.381743,-0.450278,-0.080639,-0.09395
-0.389766,-0.47143,-0.007642,-0.019727
-0.542192,-0.638787,-0.199903,-0.158713
-0.43596,-0.56712,0.138145,0.064151
-0.424526,-0.540567,-0.108449,0.041265
-0.345743,-0.518011,0.029983,0.015612
-0.384841,-0.516665,-0.092666,-0.020595
-0.299076,-0.442064,0.066246,0.05665
-0.248844,-0.365387,-0.024104,0.065995
-0.285338,-0.41255,-0.08635,-0.062179
-0.324363,-0.429877,-0.02708,-0.045062
-0.37032,-0.461987,-0.064698,-0.041566
-0.344511,-0.450582,0.005738,0.007805
-0.381796,-0.488434,-0.088741,-0.039562
-0.529944,-0.652568,-0.163314,-0.17413
-0.699227,-0.822614,-0.135405,-0.185008
-0.674962,-0.814739,0.026823,0.011821
-0.496574,-0.669501,0.067585,0.167085
-0.639398,-0.846462,-0.291951,-0.172716
-0.52025,-0.738555,0.175301,0.061543
-0.462938,-0.619462,-0.07556,0.115318
-0.254428,-0.470793,0.11979,0.138389
-0.215014,-0.372886,-0.065343,0.06652
-0.135732,-0.287959,0.049822,0.047964
-0.134443,-0.228736,-0.036682,0.026897
-0.238917,-0.325025,-0.118546,-0.118171
-0.101466,-0.168265,0.183211,0.13275
-0.217222,-0.261999,-0.22456,-0.082009
-0.272693,-0.363887,0.001469,-0.122395
-0.332643,-0.369728,-0.047686,-0.016462
-0.398678,-0.479266,-0.099999,-0.094846
-0.463614,-0.558909,-0.060909,-0.082724
-0.429611,-0.535539,0.013987,0.026151
-0.389544,-0.51545,-0.035272,0.028681
-0.365461,-0.509136,-0.030945,-0.000893
-0.261327,-0.395599,0.065902,0.096657
-0.316666,-0.439063,-0.140133,-0.052904
-0.14807,-0.276637,0.18442,0.134595
-0.022983,-0.103236,0.014114,0.168381
0.002644,-0.099693,-0.040334,-0.012417
-0.076278,-0.12799,-0.052166,-0.069034
-0.148371,-0.172128,-0.038717,-0.063278
-0.135325,-0.157305,0.025426,0.014309
-0.180191,-0.210964,-0.077534,-0.044561
-0.167906,-0.217514,0.022245,-0.009284
-0.255003,-0.294988,-0.112033,-0.076286
-0.217284,-0.281323,0.057289,0.010152
-0.343171,-0.395161,-0.174164,-0.108286
-0.263211,-0.353361,0.114194,0.03509
-0.344791,-0.40898,-0.158994,-0.047677
-0.279596,-0.395081,0.07246,0.007628
-0.160988,-0.240646,0.062613,0.149602
-0.062058,-0.165532,0.00483,0.077073
0.012975,-0.072484,0.043828,0.067375
0.119749,0.070552,0.080473,0.119578
-0.016524,-0.041503,-0.178454,-0.127223
0.023989,0.007542,0.135954,0.017748
0.050483,0.081011,-0.008708,0.079796
0.254997,0.242481,0.179996,0.170225
0.12578,0.149531,-0.197581,-0.09632
0.141877,0.152964,0.122789,-0.025407
0.005461,0.081458,-0.134052,-0.070805
0.022077,0.044551,0.071019,-0.0278
-0.038136,0.007932,-0.065567,-0.025249
-0.175992,-0.171776,-0.122916,-0.16759
-0.206477,-0.204379,0.036897,-0.0342
-0.232419,-0.241848,-0.056819,-0.014108
-0.150518,-0.20558,0.063274,0.049822
-0.279644,-0.330406,-0.184405,-0.120228
-0.269089,-0.346194,0.062791,-0.030043
-0.244621,-0.293438,-0.016477,0.057454
-0.135135,-0.226125,0.054407,0.075914
0.016874,-0.060178,0.095077,0.15685
0.023214,-0.042037,-0.068826,0.006835
0.082371,0.034225,0.084753,0.044562
0.107481,0.107901,0.005395,0.05929
0.176289,0.172648,0.061968,0.05765
0.200707,0.224604,0.016234,0.042132
0.177072,0.209725,-0.013055,-0.022856
0.341165,0.39086,0.203008,0.172407
0.307711,0.379515,-0.100638,0.000852
0.5261,0.579472,0.287619,0.184296
0.487691,0.613179,-0.100467,0.037753
0.524589,0.61747,0.116017,-0.008717
0.543732,0.712072,0.072588,0.085817
0.562447,0.716401,0.040158,0.020424
0.628598,0.795832,0.126622,0.082106
0.586151,0.771739,-0.01848,-0.011654
0.65275,0.833172,0.155111,0.065343
0.75883,0.96958,0.132286,0.153058
0.684424,0.884618,-0.062883,-0.066202
0.598595,0.810648,0.050703,-0.081943
0.580644,0.823696,0.080585,0.02838
0.494823,0.713299,-0.045346,-0.073916
0.462045,0.658257,0.068211,-0.036289
0.58997,0.789829,0.182351,0.159049
0.483925,0.663244,-0.136943,-0.089445
0.562024,0.717887,0.210654,0.050845
0.571118,0.7781,0.014491,0.08217
0.705843,0.865485,0.172556,0.108273
0.55774,0.756433,-0.13212,-0.101093
0.657982,0.841024,0.246668,0.080093
0.799066,1.033425,0.139102,0.219339
0.985865,1.178819,0.174349,0.17239
1.068042,1.303888,0.116005,0.12007
1.042052,1.314165,0.052604,0.003622
0.992557,1.303768,0.083121,-0.013921
0.822562,1.158735,-0.050706,-0.12775
0.773411,1.097051,0.117481,-0.037738
0.665135,0.989356,-0.026672,-0.061901
0.79277,1.065259,0.236472,0.117104
0.92308,1.201846,0.129146,0.182183
1.179351,1.424803,0.27737,0.25024
0.986505,1.278109,-0.188795,-0.138473
0.9126,1.207362,0.164311,-0.09314
0.843858,1.215244,0.050153,0.031563
0.878157,1.187443,0.111738,0.024392
0.948886,1.258024,0.148303,0.103408
0.896144,1.196603,-0.003877,-0.028112
0.731222,1.025849,-0.033415,-0.157001
0.758569,1.065289,0.1904,0.058245
0.79107,1.088805,0.056819,0.076963
0.866817,1.118563,0.132488,0.064388
0.860254,1.132372,0.054226,0.031706
0.718496,0.988056,-0.051688,-0.128092
0.66871,0.945192,0.106866,-0.031941
0.762959,1.043128,0.163576,0.136923
0.803026,1.050307,0.043287,0.052145
0.709593,0.947039,-0.0158,-0.090087
0.677311,0.933712,0.102214,-0.007264
0.586111,0.847641,-0.026909,-0.054204
0.480403,0.708724,-0.00643,-0.111395
0.465781,0.690539,0.088096,0.007475
0.422565,0.624081,-0.013771,-0.025188
0.251537,0.417984,-0.107842,-0.18046
0.336023,0.491853,0.208082,0.087164
0.440489,0.593737,0.057561,0.147988
0.46099,0.561376,0.004941,-0.009618
0.446922,0.574789,0.055868,0.002462
0.471393,0.619407,0.07143,0.050389
0.459142,0.605679,0.013591,0.000599
0.470321,0.616688,0.069475,0.017772
0.582737,0.740828,0.151792,0.136171
0.577939,0.737634,-0.01554,0.015851
0.549039,0.706552,0.049327,-0.033745
0.482581,0.673519,0.010717,-0.029563
0.468916,0.650007,0.056516,-0.005348
0.368142,0.546632,-0.052968,-0.081501
0.372465,0.530295,0.093115,-5.3e-05
0.466645,0.627365,0.116879,0.124372
0.490713,0.626074,0.006749,0.026203
0.52271,0.657233,0.088359,0.031449
0.418199,0.580178,-0.065118,-0.071835
0.429459,0.581022,0.109549,0.005613
0.285566,0.455881,-0.11719,-0.103805
0.207019,0.336869,0.022084,-0.104868
0.105135,0.246035,-0.044549,-0.069124
0.092961,0.187115,0.028986,-0.02803
-0.060701,0.016438,-0.144251,-0.145523
0.057666,0.096222,0.193834,0.091151
-0.105507,-0.05705,-0.242531,-0.121603
0.01634,-0.004393,0.207854,0.049834
-0.053023,-0.016946,-0.136202,0.001834
-0.101939,-0.136673,-0.028582,-0.115327
-0.069269,-0.064325,0.072437,0.06176
-0.196306,-0.20888,-0.182171,-0.125566
-0.257224,-0.300553,0.002862,-0.100939
-0.260945,-0.282504,-0.003024,0.023845
-0.369717,-0.434009,-0.159544,-0.132067
-0.47461,-0.560787,-0.067961,-0.134867
-0.535417,-0.62046,-0.061075,-0.055914
-0.53178,-0.656176,-0.040395,-0.020843
-0.445473,-0.594391,0.028024,0.066342
-0.620958,-0.780342,-0.268378,-0.187406
-0.539187,-0.72043,0.135797,0.030015
-0.595319,-0.737994,-0.173813,-0.012001
-0.676514,-0.887838,-0.118452,-0.158231
-0.682589,-0.862822,-0.004932,-0.001053
-0.61583,-0.812231,-0.027802,0.055222
-0.572372,-0.793909,-0.054768,0.011145
-0.509525,-0.725193,-0.000854,0.043495
-0.38802,-0.587187,0.041424,0.115563
-0.339389,-0.526784,-0.052005,0.039417
-0.258666,-0.430185,0.040873,0.061719
-0.104867,-0.236734,0.093786,0.166459
-0.073446,-0.187743,-0.061932,0.031026
-0.0423,-0.136066,0.034305,0.014375
-0.102755,-0.146662,-0.071659,-0.035035
-0.024467,-0.068738,0.097578,0.063914
0.015869,-0.004061,-0.008914,0.064581
0.148706,0.114128,0.114123,0.111964
0.117851,0.117368,-0.075088,-0.006723
0.117911,0.117896,0.041609,-0.019271
0.093859,0.134089,-0.0067,0.007593
-0.050846,-0.022236,-0.134538,-0.151921
-0.078868,-0.054516,0.054589,-0.038232
-0.18335,-0.154373,-0.118923,-0.0799
0.058372,0.036236,0.269055,0.203198
0.120934,0.120554,-0.073624,0.107798
0.187018,0.142203,0.061971,0.00745
0.087157,0.114843,-0.081612,-0.055179
0.183936,0.208522,0.151024,0.083733
0.145285,0.199186,-0.081337,0.000164
0.235983,0.259931,0.129736,0.056957
0.157792,0.224584,-0.095926,-0.034742
0.18116,0.222493,0.080723,-0.005823
0.212356,0.287886,0.039594,0.069524
0.211011,0.264413,-0.011262,-0.010838
0.075675,0.136,-0.098188,-0.132491
0.074751,0.137699,0.082848,-0.001199
0.016499,0.082238,-0.072702,-0.03268
-0.022766,0.000225,-0.012445,-0.069558
-0.096477,-0.066141,-0.049176,-0.060765
-0.163483,-0.156983,-0.050145,-0.078533
-0.244822,-0.253384,-0.065897,-0.086719
-0.337285,-0.367753,-0.08198,-0.10381
-0.346731,-0.400546,-0.001416,-0.023117
-0.41924,-0.49304,-0.115933,-0.077954
-0.411102,-0.518443,0.005149,-0.024801
-0.3722,-0.477852,-0.010546,0.043406
-0.344018,-0.474305,-0.038197,0.004904
